,real label,cluster label
0,159.0,1
1,155.0,2
2,179.0,3
3,100.0,4
4,1.0,5
5,0.0,6
6,189.0,7
7,36.0,8
8,46.0,9
9,166.0,10
10,120.0,11
11,137.0,12
12,183.0,13
13,141.0,14
14,76.0,15
15,14.0,16
16,18.0,17
17,151.0,18
18,16.0,19
19,193.0,20
20,27.0,21
21,169.0,22
22,34.0,23
23,69.0,24
24,2.0,25
25,23.0,26
26,79.0,27
27,171.0,28
28,83.0,29
29,27.0,30
30,42.0,31
31,124.0,32
32,53.0,33
33,153.0,34
34,59.0,35
35,134.0,36
36,186.0,37
37,16.0,38
38,133.0,39
39,88.0,4
40,88.0,40
41,3.0,41
42,15.0,42
43,170.0,43
44,96.0,44
45,75.0,45
46,162.0,46
47,0.0,47
48,49.0,48
49,36.0,49
50,69.0,50
51,199.0,51
52,175.0,52
53,59.0,53
54,10.0,54
55,14.0,55
56,53.0,56
57,193.0,57
58,34.0,58
59,132.0,59
60,119.0,60
61,64.0,61
62,4.0,62
63,94.0,63
64,113.0,64
65,133.0,65
66,139.0,66
67,155.0,67
68,97.0,38
69,166.0,68
70,139.0,69
71,7.0,70
72,14.0,71
73,128.0,72
74,22.0,73
75,72.0,74
76,127.0,75
77,162.0,76
78,0.0,77
79,148.0,78
80,33.0,79
81,7.0,80
82,39.0,81
83,66.0,82
84,95.0,83
85,72.0,84
86,132.0,85
87,109.0,86
88,120.0,87
89,2.0,47
90,15.0,88
91,17.0,89
92,40.0,90
93,167.0,91
94,195.0,92
95,196.0,93
96,192.0,94
97,136.0,95
98,103.0,96
99,161.0,97
100,110.0,98
101,114.0,99
102,27.0,100
103,122.0,101
104,1.0,102
105,72.0,103
106,85.0,104
107,174.0,105
108,155.0,106
109,130.0,107
110,1.0,108
111,129.0,109
112,11.0,110
113,161.0,111
114,184.0,112
115,108.0,113
116,6.0,12
117,104.0,114
118,155.0,60
119,23.0,115
120,74.0,116
121,139.0,117
122,145.0,118
123,125.0,119
124,141.0,120
125,19.0,121
126,73.0,122
127,168.0,123
128,115.0,124
129,8.0,125
130,15.0,126
131,3.0,127
132,4.0,128
133,111.0,129
134,161.0,74
135,161.0,130
136,50.0,131
137,2.0,132
138,41.0,133
139,45.0,134
140,138.0,135
141,19.0,136
142,68.0,137
143,172.0,138
144,139.0,139
145,10.0,140
146,47.0,141
147,26.0,142
148,106.0,143
149,52.0,144
150,56.0,145
151,196.0,146
152,112.0,147
153,100.0,148
154,3.0,149
155,20.0,150
156,79.0,151
157,165.0,152
158,11.0,153
159,44.0,154
160,192.0,155
161,64.0,53
162,17.0,156
163,54.0,157
164,72.0,158
165,74.0,159
166,54.0,160
167,145.0,161
168,97.0,162
169,129.0,163
170,14.0,164
171,16.0,165
172,70.0,166
173,73.0,119
174,44.0,167
175,37.0,163
176,146.0,168
177,0.0,169
178,108.0,170
179,37.0,171
180,101.0,172
181,47.0,152
182,160.0,173
183,0.0,174
184,73.0,175
185,196.0,176
186,12.0,177
187,96.0,178
188,16.0,179
189,25.0,180
190,39.0,181
191,165.0,182
192,91.0,183
193,142.0,184
194,174.0,185
195,30.0,186
196,13.0,187
197,62.0,188
198,34.0,189
199,95.0,190
200,59.0,191
201,30.0,192
202,185.0,193
203,50.0,194
204,148.0,195
205,199.0,196
206,192.0,197
207,143.0,198
208,146.0,199
209,193.0,200
210,196.0,146
211,101.0,99
212,89.0,201
213,171.0,202
214,49.0,203
215,136.0,204
216,83.0,205
217,183.0,206
218,54.0,207
219,8.0,65
220,184.0,208
221,5.0,209
222,44.0,210
223,15.0,211
224,135.0,212
225,62.0,213
226,78.0,214
227,78.0,215
228,82.0,216
229,65.0,217
230,135.0,218
231,21.0,219
232,177.0,220
233,37.0,221
234,22.0,222
235,37.0,223
236,83.0,224
237,135.0,225
238,76.0,226
239,184.0,227
240,186.0,228
241,5.0,229
242,62.0,230
243,83.0,231
244,134.0,232
245,189.0,233
246,110.0,234
247,29.0,235
248,48.0,236
249,39.0,237
250,28.0,238
251,168.0,239
252,69.0,240
253,195.0,241
254,54.0,242
255,149.0,13
256,47.0,243
257,87.0,244
258,87.0,245
259,35.0,246
260,186.0,247
261,52.0,248
262,138.0,249
263,51.0,104
264,117.0,250
265,127.0,251
266,104.0,252
267,127.0,101
268,184.0,253
269,143.0,254
270,179.0,255
271,84.0,256
272,173.0,257
273,141.0,258
274,196.0,259
275,41.0,260
276,186.0,261
277,31.0,262
278,154.0,3
279,26.0,263
280,25.0,264
281,83.0,265
282,77.0,266
283,100.0,267
284,83.0,268
285,145.0,269
286,101.0,270
287,178.0,271
288,134.0,272
289,149.0,273
290,165.0,182
291,107.0,274
292,132.0,275
293,98.0,276
294,117.0,277
295,194.0,278
296,78.0,234
297,161.0,279
298,170.0,280
299,146.0,281
300,160.0,282
301,150.0,283
302,62.0,284
303,151.0,285
304,165.0,286
305,168.0,287
306,18.0,288
307,155.0,289
308,83.0,290
309,28.0,291
310,39.0,292
311,90.0,293
312,130.0,294
313,92.0,295
314,184.0,296
315,23.0,26
316,73.0,297
317,149.0,181
318,34.0,298
319,98.0,299
320,163.0,300
321,57.0,301
322,118.0,302
323,78.0,214
324,64.0,303
325,182.0,304
326,182.0,305
327,173.0,306
328,35.0,307
329,116.0,308
330,62.0,290
331,115.0,309
332,0.0,310
333,152.0,311
334,119.0,312
335,124.0,313
336,12.0,314
337,136.0,315
338,142.0,316
339,191.0,317
340,102.0,318
341,21.0,319
342,19.0,320
343,131.0,321
344,21.0,322
345,185.0,323
346,16.0,324
347,165.0,325
348,13.0,307
349,61.0,284
350,144.0,326
351,129.0,327
352,71.0,328
353,121.0,329
354,51.0,330
355,163.0,331
356,158.0,305
357,75.0,332
358,75.0,333
359,40.0,334
360,52.0,144
361,0.0,6
362,152.0,335
363,67.0,336
364,73.0,337
365,169.0,226
366,47.0,338
367,25.0,339
368,173.0,340
369,151.0,341
370,65.0,342
371,139.0,343
372,87.0,344
373,72.0,345
374,130.0,346
375,37.0,347
376,45.0,348
377,159.0,349
378,91.0,350
379,159.0,351
380,132.0,352
381,40.0,353
382,183.0,331
383,158.0,354
384,66.0,355
385,163.0,356
386,100.0,357
387,66.0,358
388,185.0,359
389,15.0,360
390,141.0,361
391,53.0,362
392,23.0,363
393,191.0,364
394,11.0,365
395,21.0,183
396,71.0,366
397,171.0,367
398,136.0,368
399,39.0,369
400,89.0,370
401,90.0,371
402,196.0,372
403,47.0,141
404,50.0,373
405,40.0,374
406,61.0,375
407,165.0,376
408,22.0,377
409,105.0,378
410,77.0,379
411,28.0,380
412,169.0,19
413,195.0,381
414,172.0,382
415,130.0,383
416,193.0,384
417,114.0,385
418,42.0,386
419,183.0,387
420,41.0,388
421,83.0,389
422,15.0,88
423,34.0,390
424,14.0,391
425,117.0,392
426,119.0,393
427,153.0,394
428,88.0,395
429,72.0,84
430,94.0,396
431,196.0,397
432,132.0,398
433,107.0,399
434,1.0,400
435,179.0,401
436,36.0,402
437,104.0,403
438,177.0,404
439,23.0,405
440,11.0,406
441,124.0,407
442,164.0,408
443,26.0,409
444,186.0,410
445,103.0,411
446,2.0,77
447,196.0,412
448,12.0,413
449,181.0,414
450,92.0,415
451,188.0,416
452,56.0,417
453,33.0,418
454,54.0,419
455,197.0,420
456,93.0,80
457,1.0,421
458,78.0,422
459,197.0,423
460,159.0,424
461,34.0,425
462,52.0,426
463,64.0,427
464,23.0,428
465,130.0,429
466,80.0,430
467,106.0,431
468,26.0,432
469,36.0,81
470,14.0,433
471,38.0,434
472,193.0,435
473,136.0,316
474,55.0,436
475,41.0,437
476,175.0,438
477,29.0,439
478,130.0,440
479,66.0,441
480,199.0,442
481,94.0,443
482,0.0,444
483,150.0,10
484,59.0,102
485,81.0,445
486,96.0,446
487,116.0,447
488,71.0,448
489,138.0,449
490,53.0,450
491,196.0,220
492,168.0,451
493,140.0,120
494,104.0,114
495,21.0,452
496,63.0,453
497,24.0,454
498,147.0,455
499,144.0,342
500,162.0,456
501,133.0,409
502,6.0,457
503,6.0,458
504,11.0,459
505,135.0,460
506,14.0,202
507,96.0,461
508,198.0,462
509,196.0,463
510,40.0,464
511,129.0,465
512,100.0,466
513,32.0,467
514,161.0,130
515,60.0,468
516,184.0,296
517,175.0,469
518,50.0,470
519,115.0,471
520,65.0,472
521,49.0,473
522,48.0,474
523,177.0,475
524,92.0,476
525,179.0,170
526,54.0,477
527,132.0,478
528,91.0,479
529,37.0,480
530,113.0,481
531,85.0,482
532,149.0,483
533,157.0,286
534,69.0,484
535,163.0,485
536,165.0,486
537,157.0,487
538,100.0,357
539,97.0,488
540,163.0,489
541,189.0,490
542,40.0,353
543,129.0,176
544,34.0,491
545,92.0,492
546,88.0,493
547,157.0,494
548,81.0,495
549,25.0,496
550,115.0,497
551,187.0,498
552,74.0,499
553,94.0,391
554,69.0,500
555,181.0,501
556,144.0,502
557,86.0,503
558,117.0,504
559,82.0,505
560,87.0,506
561,83.0,507
562,188.0,508
563,173.0,509
564,110.0,476
565,17.0,89
566,185.0,212
567,51.0,510
568,153.0,511
569,66.0,484
570,25.0,371
571,97.0,512
572,165.0,513
573,42.0,514
574,147.0,515
575,144.0,516
576,199.0,512
577,37.0,517
578,126.0,518
579,34.0,519
580,131.0,520
581,3.0,521
582,31.0,522
583,14.0,523
584,170.0,524
585,108.0,525
586,135.0,526
587,122.0,527
588,74.0,528
589,27.0,464
590,159.0,333
591,83.0,529
592,118.0,11
593,154.0,530
594,108.0,531
595,148.0,532
596,23.0,533
597,93.0,534
598,65.0,535
599,186.0,482
600,185.0,406
601,67.0,536
602,61.0,537
603,157.0,538
604,6.0,529
605,57.0,539
606,164.0,351
607,10.0,263
608,170.0,540
609,61.0,284
610,119.0,208
611,23.0,428
612,123.0,541
613,4.0,542
614,152.0,543
615,181.0,544
616,163.0,211
617,89.0,545
618,151.0,546
619,60.0,547
620,97.0,548
621,33.0,549
622,160.0,550
623,19.0,551
624,34.0,552
625,80.0,553
626,108.0,554
627,110.0,342
628,189.0,555
629,111.0,253
630,168.0,556
631,16.0,557
632,40.0,558
633,130.0,559
634,126.0,560
635,12.0,561
636,103.0,411
637,77.0,562
638,152.0,563
639,195.0,564
640,169.0,565
641,170.0,223
642,132.0,566
643,59.0,567
644,132.0,568
645,161.0,569
646,142.0,570
647,135.0,571
648,193.0,572
649,7.0,573
650,165.0,574
651,198.0,575
652,188.0,364
653,3.0,576
654,12.0,577
655,49.0,578
656,189.0,579
657,78.0,580
658,41.0,581
659,32.0,582
660,49.0,310
661,155.0,583
662,81.0,584
663,97.0,585
664,131.0,542
665,100.0,586
666,76.0,292
667,62.0,587
668,90.0,588
669,71.0,589
670,187.0,590
671,179.0,591
672,176.0,592
673,178.0,138
674,156.0,335
675,152.0,593
676,95.0,594
677,1.0,595
678,17.0,596
679,59.0,597
680,185.0,598
681,48.0,599
682,164.0,379
683,159.0,600
684,66.0,601
685,47.0,602
686,15.0,307
687,151.0,603
688,77.0,604
689,26.0,149
690,113.0,605
691,51.0,194
692,47.0,606
693,165.0,607
694,150.0,608
695,122.0,491
696,67.0,609
697,98.0,195
698,138.0,610
699,196.0,532
700,181.0,611
701,54.0,612
702,26.0,613
703,75.0,614
704,152.0,91
705,14.0,615
706,65.0,400
707,51.0,616
708,185.0,617
709,150.0,618
710,96.0,619
711,116.0,544
712,175.0,620
713,151.0,621
714,67.0,622
715,146.0,14
716,85.0,48
717,60.0,623
718,102.0,624
719,190.0,625
720,88.0,626
721,135.0,627
722,31.0,155
723,192.0,628
724,126.0,107
725,69.0,240
726,4.0,629
727,32.0,630
728,135.0,631
729,85.0,482
730,111.0,632
731,9.0,633
732,122.0,634
733,198.0,635
734,160.0,636
735,62.0,637
736,106.0,638
737,106.0,639
738,85.0,310
739,194.0,640
740,107.0,127
741,181.0,206
742,97.0,83
743,3.0,641
744,155.0,55
745,112.0,147
746,46.0,323
747,57.0,642
748,173.0,643
749,72.0,627
750,143.0,644
751,95.0,645
752,154.0,372
753,131.0,445
754,159.0,278
755,0.0,595
756,177.0,646
757,29.0,647
758,193.0,572
759,30.0,648
760,15.0,579
761,26.0,649
762,21.0,319
763,4.0,650
764,5.0,651
765,161.0,155
766,52.0,652
767,46.0,9
768,169.0,627
769,118.0,653
770,193.0,654
771,124.0,655
772,51.0,656
773,161.0,657
774,123.0,72
775,143.0,205
776,150.0,97
777,90.0,658
778,33.0,659
779,97.0,631
780,193.0,57
781,1.0,660
782,189.0,661
783,61.0,102
784,121.0,662
785,192.0,663
786,143.0,118
787,144.0,664
788,168.0,665
789,70.0,666
790,67.0,594
791,162.0,667
792,125.0,668
793,116.0,669
794,187.0,670
795,199.0,671
796,162.0,41
797,94.0,548
798,31.0,672
799,188.0,673
800,195.0,674
801,48.0,675
802,22.0,676
803,107.0,677
804,136.0,678
805,59.0,679
806,170.0,665
807,164.0,379
808,1.0,680
809,182.0,681
810,38.0,682
811,78.0,683
812,90.0,684
813,99.0,685
814,143.0,686
815,11.0,687
816,21.0,688
817,96.0,44
818,117.0,689
819,148.0,690
820,51.0,194
821,122.0,691
822,0.0,47
823,42.0,8
824,101.0,692
825,44.0,108
826,35.0,693
827,103.0,694
828,56.0,301
829,9.0,695
830,27.0,30
831,31.0,696
832,100.0,697
833,135.0,698
834,169.0,699
835,169.0,657
836,51.0,700
837,54.0,701
838,178.0,583
839,188.0,398
840,99.0,702
841,28.0,703
842,81.0,704
843,102.0,705
844,186.0,706
845,176.0,707
846,160.0,708
847,63.0,709
848,26.0,140
849,149.0,483
850,98.0,710
851,57.0,115
852,43.0,448
853,191.0,711
854,167.0,202
855,137.0,712
856,120.0,713
857,134.0,714
858,131.0,715
859,167.0,192
860,6.0,415
861,166.0,716
862,169.0,717
863,138.0,718
864,112.0,719
865,50.0,203
866,73.0,175
867,38.0,588
868,171.0,720
869,198.0,590
870,188.0,416
871,79.0,721
872,138.0,339
873,72.0,722
874,39.0,270
875,86.0,723
876,62.0,724
877,120.0,725
878,127.0,726
879,176.0,727
880,153.0,728
881,118.0,729
882,145.0,730
883,108.0,731
884,144.0,516
885,119.0,732
886,24.0,733
887,72.0,84
888,39.0,320
889,41.0,734
890,160.0,735
891,51.0,736
892,178.0,737
893,97.0,432
894,50.0,738
895,125.0,739
896,104.0,183
897,179.0,740
898,1.0,421
899,165.0,398
900,79.0,741
901,193.0,742
902,37.0,447
903,53.0,743
904,164.0,538
905,115.0,744
906,170.0,739
907,82.0,745
908,83.0,29
909,122.0,719
910,175.0,463
911,62.0,746
912,122.0,747
913,147.0,748
914,154.0,749
915,11.0,750
916,185.0,598
917,45.0,751
918,61.0,29
919,171.0,443
920,126.0,440
921,150.0,752
922,81.0,117
923,159.0,753
924,177.0,754
925,165.0,475
926,91.0,755
927,137.0,570
928,84.0,756
929,84.0,757
930,70.0,666
931,118.0,596
932,64.0,758
933,155.0,759
934,91.0,760
935,187.0,711
936,94.0,619
937,54.0,242
938,45.0,348
939,76.0,761
940,107.0,439
941,58.0,762
942,124.0,340
943,134.0,278
944,12.0,763
945,124.0,764
946,96.0,698
947,148.0,765
948,156.0,49
949,187.0,766
950,195.0,767
951,113.0,398
952,25.0,641
953,129.0,768
954,50.0,769
955,179.0,770
956,105.0,586
957,119.0,771
958,80.0,772
959,87.0,710
960,10.0,773
961,47.0,774
962,107.0,775
963,56.0,776
964,162.0,777
965,199.0,778
966,64.0,779
967,46.0,780
968,75.0,781
969,10.0,222
970,182.0,782
971,141.0,783
972,107.0,599
973,146.0,14
974,164.0,784
975,84.0,785
976,22.0,363
977,146.0,786
978,123.0,433
979,178.0,787
980,190.0,788
981,26.0,789
982,88.0,790
983,9.0,474
984,148.0,791
985,149.0,514
986,166.0,475
987,89.0,792
988,161.0,773
989,9.0,177
990,142.0,148
991,152.0,793
992,37.0,695
993,112.0,273
994,55.0,794
995,137.0,795
996,182.0,513
997,33.0,79
998,135.0,796
999,122.0,797
1000,87.0,798
1001,185.0,179
1002,144.0,267
1003,61.0,799
1004,66.0,236
1005,113.0,800
1006,138.0,721
1007,156.0,486
1008,68.0,801
1009,54.0,802
1010,187.0,803
1011,132.0,804
1012,105.0,805
1013,22.0,806
1014,194.0,640
1015,117.0,807
1016,51.0,808
1017,139.0,501
1018,121.0,809
1019,154.0,434
1020,96.0,810
1021,76.0,811
1022,163.0,812
1023,49.0,813
1024,7.0,53
1025,29.0,814
1026,164.0,93
1027,12.0,815
1028,113.0,816
1029,98.0,321
1030,43.0,374
1031,106.0,817
1032,114.0,818
1033,132.0,139
1034,57.0,819
1035,171.0,85
1036,116.0,820
1037,185.0,684
1038,135.0,821
1039,81.0,445
1040,146.0,168
1041,189.0,822
1042,145.0,823
1043,191.0,824
1044,13.0,825
1045,105.0,378
1046,80.0,826
1047,27.0,568
1048,123.0,827
1049,32.0,554
1050,76.0,204
1051,39.0,828
1052,111.0,829
1053,184.0,830
1054,43.0,831
1055,116.0,390
1056,157.0,397
1057,6.0,832
1058,93.0,833
1059,148.0,407
1060,68.0,834
1061,115.0,15
1062,158.0,725
1063,198.0,835
1064,48.0,339
1065,24.0,836
1066,103.0,837
1067,36.0,558
1068,199.0,271
1069,140.0,838
1070,158.0,839
1071,116.0,469
1072,142.0,198
1073,133.0,743
1074,27.0,840
1075,15.0,841
1076,109.0,842
1077,0.0,843
1078,66.0,844
1079,45.0,134
1080,91.0,845
1081,46.0,285
1082,118.0,846
1083,41.0,204
1084,86.0,847
1085,74.0,848
1086,22.0,849
1087,10.0,850
1088,66.0,834
1089,188.0,851
1090,50.0,852
1091,168.0,853
1092,49.0,210
1093,18.0,854
1094,12.0,855
1095,168.0,401
1096,18.0,856
1097,132.0,857
1098,11.0,365
1099,198.0,858
1100,16.0,66
1101,112.0,859
1102,10.0,860
1103,12.0,861
1104,114.0,862
1105,82.0,16
1106,65.0,863
1107,128.0,313
1108,29.0,439
1109,60.0,762
1110,184.0,864
1111,169.0,699
1112,17.0,865
1113,177.0,163
1114,184.0,866
1115,66.0,867
1116,156.0,767
1117,17.0,868
1118,5.0,869
1119,112.0,870
1120,105.0,871
1121,147.0,872
1122,50.0,310
1123,171.0,873
1124,45.0,874
1125,99.0,875
1126,111.0,632
1127,141.0,876
1128,2.0,877
1129,70.0,878
1130,84.0,689
1131,157.0,879
1132,103.0,880
1133,90.0,517
1134,31.0,708
1135,93.0,881
1136,89.0,377
1137,176.0,635
1138,101.0,524
1139,74.0,882
1140,50.0,883
1141,49.0,884
1142,149.0,514
1143,46.0,885
1144,69.0,240
1145,167.0,886
1146,146.0,887
1147,57.0,819
1148,132.0,888
1149,45.0,874
1150,15.0,889
1151,75.0,429
1152,195.0,890
1153,181.0,139
1154,61.0,891
1155,146.0,892
1156,22.0,893
1157,106.0,677
1158,195.0,894
1159,29.0,394
1160,140.0,161
1161,71.0,448
1162,91.0,322
1163,180.0,513
1164,51.0,895
1165,106.0,896
1166,47.0,897
1167,155.0,618
1168,2.0,15
1169,12.0,861
1170,127.0,532
1171,9.0,631
1172,180.0,898
1173,23.0,370
1174,186.0,706
1175,146.0,899
1176,139.0,900
1177,141.0,901
1178,172.0,902
1179,73.0,903
1180,156.0,262
1181,51.0,904
1182,104.0,252
1183,34.0,669
1184,23.0,905
1185,119.0,897
1186,95.0,417
1187,104.0,782
1188,53.0,906
1189,133.0,907
1190,34.0,33
1191,43.0,908
1192,181.0,900
1193,35.0,909
1194,163.0,889
1195,17.0,910
1196,84.0,911
1197,59.0,453
1198,66.0,912
1199,30.0,913
1200,152.0,282
1201,45.0,115
1202,159.0,627
1203,54.0,774
1204,131.0,820
1205,77.0,778
1206,189.0,914
1207,172.0,915
1208,188.0,364
1209,71.0,370
1210,63.0,199
1211,128.0,916
1212,53.0,917
1213,151.0,324
1214,32.0,274
1215,189.0,918
1216,104.0,183
1217,176.0,323
1218,9.0,687
1219,57.0,919
1220,61.0,920
1221,112.0,273
1222,190.0,921
1223,174.0,835
1224,68.0,922
1225,50.0,813
1226,84.0,923
1227,149.0,924
1228,62.0,724
1229,30.0,925
1230,34.0,926
1231,85.0,927
1232,158.0,928
1233,43.0,929
1234,133.0,930
1235,111.0,911
1236,107.0,931
1237,74.0,112
1238,78.0,495
1239,86.0,847
1240,142.0,932
1241,31.0,933
1242,38.0,934
1243,108.0,633
1244,13.0,780
1245,75.0,935
1246,15.0,936
1247,56.0,937
1248,135.0,938
1249,178.0,939
1250,165.0,337
1251,70.0,940
1252,153.0,705
1253,60.0,941
1254,58.0,942
1255,141.0,326
1256,192.0,943
1257,181.0,944
1258,156.0,945
1259,160.0,946
1260,173.0,947
1261,91.0,403
1262,31.0,522
1263,105.0,948
1264,112.0,949
1265,31.0,583
1266,13.0,950
1267,20.0,951
1268,33.0,952
1269,67.0,92
1270,87.0,935
1271,64.0,953
1272,99.0,954
1273,141.0,955
1274,116.0,956
1275,48.0,863
1276,178.0,957
1277,77.0,958
1278,160.0,959
1279,163.0,960
1280,182.0,387
1281,118.0,669
1282,186.0,914
1283,153.0,886
1284,57.0,961
1285,191.0,962
1286,179.0,657
1287,1.0,963
1288,168.0,279
1289,93.0,964
1290,150.0,784
1291,24.0,965
1292,136.0,714
1293,194.0,966
1294,91.0,967
1295,49.0,968
1296,2.0,969
1297,62.0,188
1298,145.0,970
1299,98.0,971
1300,3.0,972
1301,167.0,952
1302,152.0,67
1303,176.0,973
1304,9.0,974
1305,155.0,975
1306,84.0,256
1307,116.0,976
1308,39.0,977
1309,159.0,627
1310,6.0,128
1311,189.0,840
1312,30.0,347
1313,127.0,726
1314,136.0,978
1315,144.0,871
1316,44.0,979
1317,9.0,980
1318,85.0,981
1319,45.0,982
1320,138.0,983
1321,86.0,847
1322,104.0,568
1323,8.0,763
1324,118.0,984
1325,153.0,173
1326,56.0,585
1327,9.0,816
1328,145.0,148
1329,142.0,985
1330,28.0,180
1331,60.0,986
1332,114.0,340
1333,178.0,289
1334,17.0,987
1335,141.0,988
1336,183.0,989
1337,127.0,990
1338,193.0,991
1339,12.0,855
1340,22.0,992
1341,94.0,19
1342,120.0,993
1343,69.0,240
1344,126.0,994
1345,122.0,245
1346,49.0,738
1347,157.0,995
1348,73.0,663
1349,117.0,996
1350,56.0,997
1351,183.0,74
1352,187.0,998
1353,159.0,672
1354,84.0,999
1355,182.0,841
1356,48.0,1000
1357,106.0,431
1358,166.0,324
1359,58.0,427
1360,191.0,670
1361,7.0,1001
1362,134.0,1002
1363,14.0,151
1364,42.0,753
1365,143.0,1003
1366,150.0,1004
1367,155.0,1005
1368,152.0,926
1369,90.0,764
1370,73.0,232
1371,10.0,1006
1372,21.0,1007
1373,167.0,1008
1374,61.0,1009
1375,57.0,104
1376,86.0,503
1377,123.0,359
1378,189.0,7
1379,20.0,1010
1380,162.0,1011
1381,0.0,303
1382,191.0,1012
1383,89.0,545
1384,68.0,355
1385,133.0,907
1386,152.0,1013
1387,8.0,906
1388,122.0,1014
1389,113.0,1015
1390,102.0,756
1391,121.0,1016
1392,180.0,636
1393,28.0,238
1394,11.0,1017
1395,108.0,461
1396,138.0,1018
1397,89.0,545
1398,177.0,1019
1399,13.0,1020
1400,153.0,43
1401,6.0,458
1402,20.0,609
1403,191.0,1021
1404,70.0,1022
1405,88.0,395
1406,80.0,1023
1407,183.0,1024
1408,131.0,1025
1409,35.0,1026
1410,83.0,1027
1411,192.0,1028
1412,102.0,1029
1413,36.0,856
1414,118.0,1030
1415,37.0,897
1416,160.0,1031
1417,147.0,1032
1418,179.0,68
1419,79.0,1033
1420,195.0,1034
1421,68.0,834
1422,18.0,1035
1423,117.0,1036
1424,6.0,1037
1425,141.0,217
1426,93.0,607
1427,198.0,339
1428,43.0,1038
1429,94.0,995
1430,193.0,878
1431,177.0,717
1432,183.0,908
1433,191.0,1039
1434,174.0,1040
1435,156.0,438
1436,44.0,1041
1437,35.0,1026
1438,85.0,808
1439,74.0,1042
1440,155.0,543
1441,55.0,1043
1442,66.0,1044
1443,149.0,1045
1444,126.0,1046
1445,175.0,1047
1446,32.0,1048
1447,27.0,137
1448,199.0,1049
1449,184.0,1050
1450,170.0,540
1451,123.0,359
1452,189.0,490
1453,49.0,738
1454,21.0,948
1455,121.0,1051
1456,92.0,1052
1457,138.0,1053
1458,187.0,1054
1459,183.0,1055
1460,152.0,51
1461,35.0,703
1462,8.0,39
1463,173.0,411
1464,8.0,1056
1465,20.0,1057
1466,81.0,1058
1467,19.0,1059
1468,109.0,1060
1469,173.0,1061
1470,141.0,1062
1471,33.0,916
1472,94.0,1063
1473,14.0,977
1474,47.0,1064
1475,171.0,1065
1476,119.0,890
1477,40.0,1066
1478,19.0,1067
1479,129.0,309
1480,52.0,954
1481,126.0,334
1482,54.0,243
1483,143.0,1068
1484,133.0,1069
1485,90.0,1070
1486,46.0,593
1487,197.0,350
1488,182.0,1004
1489,150.0,949
1490,46.0,432
1491,113.0,1071
1492,197.0,1072
1493,187.0,1073
1494,161.0,1074
1495,17.0,156
1496,83.0,29
1497,100.0,1075
1498,66.0,1076
1499,89.0,590
1500,163.0,300
1501,182.0,387
1502,2.0,15
1503,25.0,1063
1504,152.0,846
1505,32.0,274
1506,104.0,948
1507,49.0,738
1508,70.0,680
1509,72.0,722
1510,25.0,576
1511,108.0,1077
1512,56.0,1078
1513,148.0,771
1514,83.0,1079
1515,190.0,760
1516,19.0,272
1517,170.0,22
1518,151.0,443
1519,193.0,1080
1520,1.0,1081
1521,188.0,1082
1522,96.0,1083
1523,101.0,820
1524,191.0,824
1525,110.0,1084
1526,33.0,1023
1527,88.0,493
1528,50.0,769
1529,52.0,1085
1530,84.0,318
1531,51.0,656
1532,129.0,87
1533,26.0,314
1534,30.0,376
1535,180.0,926
1536,144.0,1027
1537,38.0,60
1538,188.0,851
1539,186.0,247
1540,55.0,582
1541,185.0,617
1542,76.0,624
1543,46.0,1086
1544,135.0,316
1545,89.0,1087
1546,74.0,1088
1547,29.0,763
1548,163.0,753
1549,111.0,98
1550,163.0,344
1551,49.0,1001
1552,115.0,1089
1553,1.0,374
1554,159.0,278
1555,11.0,1090
1556,129.0,1091
1557,174.0,327
1558,41.0,562
1559,180.0,112
1560,156.0,454
1561,194.0,1092
1562,6.0,1093
1563,101.0,99
1564,12.0,1094
1565,89.0,1087
1566,51.0,1095
1567,24.0,733
1568,94.0,684
1569,184.0,227
1570,9.0,1096
1571,121.0,1097
1572,53.0,825
1573,142.0,1098
1574,16.0,1099
1575,8.0,1100
1576,176.0,1101
1577,71.0,1102
1578,89.0,1087
1579,108.0,121
1580,21.0,688
1581,136.0,1103
1582,76.0,694
1583,125.0,1104
1584,70.0,1105
1585,111.0,1106
1586,173.0,1107
1587,124.0,313
1588,82.0,1108
1589,163.0,344
1590,138.0,1109
1591,175.0,889
1592,191.0,824
1593,155.0,866
1594,65.0,375
1595,115.0,1110
1596,25.0,1111
1597,194.0,94
1598,136.0,1112
1599,79.0,600
1600,91.0,1007
1601,12.0,651
1602,155.0,163
1603,67.0,1113
1604,122.0,138
1605,174.0,1114
1606,172.0,1115
1607,56.0,1116
1608,110.0,1117
1609,91.0,1118
1610,184.0,1119
1611,172.0,360
1612,108.0,1109
1613,130.0,294
1614,5.0,209
1615,131.0,36
1616,124.0,1014
1617,43.0,1120
1618,176.0,165
1619,194.0,1121
1620,15.0,902
1621,115.0,520
1622,184.0,1122
1623,138.0,1123
1624,57.0,1124
1625,115.0,1019
1626,73.0,1097
1627,58.0,587
1628,109.0,281
1629,33.0,1125
1630,171.0,1064
1631,58.0,547
1632,13.0,526
1633,183.0,1126
1634,59.0,1127
1635,115.0,390
1636,56.0,301
1637,35.0,1128
1638,99.0,1129
1639,9.0,1130
1640,24.0,750
1641,34.0,1131
1642,80.0,678
1643,197.0,1132
1644,17.0,1133
1645,14.0,780
1646,72.0,1134
1647,30.0,376
1648,71.0,755
1649,70.0,1135
1650,125.0,1136
1651,126.0,991
1652,158.0,853
1653,95.0,1137
1654,137.0,1138
1655,149.0,703
1656,60.0,664
1657,182.0,1139
1658,16.0,1140
1659,33.0,1141
1660,50.0,330
1661,40.0,56
1662,155.0,678
1663,67.0,787
1664,36.0,1142
1665,181.0,1143
1666,108.0,695
1667,149.0,1144
1668,118.0,785
1669,128.0,971
1670,121.0,1124
1671,147.0,926
1672,42.0,467
1673,113.0,1055
1674,173.0,1145
1675,156.0,106
1676,162.0,996
1677,4.0,415
1678,134.0,962
1679,0.0,1146
1680,73.0,345
1681,176.0,332
1682,96.0,1147
1683,34.0,478
1684,79.0,600
1685,91.0,878
1686,152.0,857
1687,74.0,1148
1688,114.0,1149
1689,97.0,1150
1690,137.0,962
1691,32.0,1151
1692,100.0,466
1693,108.0,1152
1694,173.0,1153
1695,127.0,1154
1696,28.0,1155
1697,55.0,1156
1698,10.0,197
1699,95.0,1157
1700,70.0,686
1701,105.0,1158
1702,52.0,470
1703,7.0,1159
1704,126.0,514
1705,63.0,1160
1706,173.0,218
1707,100.0,730
1708,53.0,187
1709,65.0,901
1710,97.0,1161
1711,55.0,1162
1712,4.0,1144
1713,23.0,1163
1714,71.0,1164
1715,116.0,412
1716,13.0,1165
1717,96.0,1166
1718,186.0,1082
1719,176.0,1167
1720,159.0,278
1721,0.0,986
1722,73.0,1168
1723,42.0,1169
1724,11.0,1170
1725,11.0,1171
1726,110.0,1103
1727,191.0,1172
1728,4.0,1173
1729,182.0,331
1730,96.0,1174
1731,149.0,1175
1732,42.0,67
1733,58.0,623
1734,160.0,581
1735,172.0,385
1736,185.0,343
1737,172.0,1176
1738,161.0,618
1739,34.0,1177
1740,77.0,1178
1741,189.0,1082
1742,63.0,535
1743,167.0,952
1744,67.0,787
1745,124.0,313
1746,60.0,941
1747,63.0,985
1748,113.0,1179
1749,198.0,496
1750,185.0,830
1751,64.0,472
1752,170.0,801
1753,85.0,808
1754,4.0,1173
1755,7.0,82
1756,40.0,1180
1757,160.0,1181
1758,20.0,1057
1759,146.0,1182
1760,13.0,1183
1761,176.0,1184
1762,3.0,1185
1763,149.0,518
1764,7.0,1186
1765,89.0,904
1766,101.0,1187
1767,131.0,542
1768,70.0,1188
1769,94.0,1189
1770,122.0,1190
1771,95.0,1152
1772,52.0,248
1773,160.0,731
1774,15.0,1035
1775,96.0,1191
1776,54.0,1192
1777,66.0,119
1778,17.0,1193
1779,93.0,1194
1780,158.0,839
1781,27.0,1195
1782,152.0,705
1783,24.0,1196
1784,107.0,843
1785,163.0,1197
1786,106.0,863
1787,101.0,1198
1788,67.0,1199
1789,18.0,17
1790,14.0,272
1791,17.0,325
1792,42.0,1200
1793,146.0,1201
1794,97.0,1197
1795,40.0,1059
1796,126.0,334
1797,92.0,129
1798,103.0,1202
1799,48.0,591
1800,85.0,1203
1801,41.0,727
1802,0.0,1041
1803,8.0,803
1804,48.0,149
1805,142.0,597
1806,7.0,1204
1807,3.0,654
1808,195.0,1205
1809,198.0,1206
1810,11.0,1207
1811,150.0,864
1812,17.0,1208
1813,56.0,1209
1814,117.0,1210
1815,10.0,1211
1816,165.0,1212
1817,78.0,783
1818,90.0,317
1819,179.0,1213
1820,106.0,431
1821,145.0,1214
1822,76.0,609
1823,67.0,1215
1824,28.0,1155
1825,116.0,1114
1826,42.0,872
1827,29.0,775
1828,103.0,1216
1829,128.0,208
1830,126.0,96
1831,151.0,1217
1832,49.0,738
1833,21.0,782
1834,20.0,1218
1835,59.0,664
1836,13.0,1219
1837,27.0,1053
1838,90.0,1220
1839,5.0,1221
1840,57.0,1222
1841,2.0,444
1842,4.0,457
1843,121.0,440
1844,84.0,1223
1845,11.0,1038
1846,70.0,831
1847,115.0,519
1848,93.0,833
1849,167.0,1224
1850,144.0,612
1851,94.0,1225
1852,129.0,877
1853,79.0,1226
1854,90.0,692
1855,199.0,1227
1856,72.0,1228
1857,25.0,1229
1858,75.0,1230
1859,24.0,1231
1860,97.0,645
1861,123.0,1232
1862,23.0,26
1863,82.0,1233
1864,67.0,1234
1865,37.0,347
1866,155.0,1235
1867,137.0,902
1868,155.0,603
1869,66.0,92
1870,7.0,573
1871,117.0,1236
1872,108.0,1237
1873,25.0,1238
1874,39.0,1239
1875,139.0,1167
1876,74.0,1240
1877,79.0,1033
1878,72.0,1134
1879,48.0,876
1880,106.0,924
1881,92.0,1241
1882,39.0,1242
1883,117.0,109
1884,146.0,1243
1885,172.0,1244
1886,131.0,1245
1887,99.0,836
1888,65.0,567
1889,172.0,367
1890,126.0,1246
1891,0.0,1041
1892,193.0,1247
1893,124.0,777
1894,137.0,962
1895,134.0,320
1896,64.0,1138
1897,162.0,1248
1898,158.0,1237
1899,37.0,517
1900,3.0,863
1901,141.0,1249
1902,22.0,1250
1903,19.0,841
1904,88.0,395
1905,114.0,1251
1906,38.0,1186
1907,127.0,1252
1908,127.0,1016
1909,103.0,1253
1910,124.0,139
1911,82.0,1254
1912,36.0,1142
1913,94.0,19
1914,68.0,1255
1915,133.0,1256
1916,48.0,743
1917,57.0,1257
1918,151.0,512
1919,92.0,1258
1920,22.0,1259
1921,189.0,706
1922,17.0,910
1923,107.0,1260
1924,159.0,333
1925,41.0,1180
1926,47.0,71
1927,185.0,570
1928,40.0,1261
1929,187.0,1080
1930,97.0,1262
1931,32.0,1263
1932,125.0,947
1933,131.0,1264
1934,128.0,1265
1935,112.0,1266
1936,181.0,657
1937,112.0,124
1938,177.0,1267
1939,49.0,808
1940,192.0,1268
1941,165.0,908
1942,130.0,491
1943,93.0,1269
1944,145.0,1105
1945,193.0,1270
1946,151.0,10
1947,150.0,235
1948,8.0,816
1949,2.0,969
1950,142.0,1271
1951,111.0,396
1952,41.0,1136
1953,156.0,1183
1954,191.0,1272
1955,87.0,1273
1956,39.0,1239
1957,18.0,1274
1958,57.0,115
1959,32.0,1275
1960,138.0,459
1961,68.0,1113
1962,158.0,1276
1963,40.0,1277
1964,115.0,497
1965,47.0,1070
1966,121.0,739
1967,53.0,187
1968,146.0,1270
1969,128.0,566
1970,130.0,662
1971,58.0,1278
1972,100.0,697
1973,181.0,302
1974,24.0,849
1975,108.0,872
1976,8.0,1279
1977,197.0,415
1978,59.0,942
1979,110.0,855
1980,184.0,103
1981,181.0,562
1982,187.0,1280
1983,90.0,465
1984,51.0,194
1985,160.0,1136
1986,96.0,720
1987,155.0,1281
1988,137.0,1282
1989,116.0,218
1990,24.0,1283
1991,87.0,1284
1992,192.0,1285
1993,64.0,400
1994,48.0,938
1995,198.0,1265
1996,68.0,650
1997,91.0,1286
1998,135.0,1287
1999,70.0,1288
2000,155.0,727
2001,192.0,635
2002,181.0,1289
2003,128.0,514
2004,90.0,1290
2005,29.0,1291
2006,95.0,432
2007,140.0,838
2008,173.0,1190
2009,178.0,766
2010,81.0,1292
2011,52.0,893
2012,112.0,862
2013,169.0,341
2014,189.0,233
2015,92.0,295
2016,171.0,1085
2017,190.0,1189
2018,18.0,337
2019,38.0,1293
2020,69.0,1294
2021,4.0,1144
2022,107.0,1295
2023,36.0,856
2024,187.0,1296
2025,137.0,1112
2026,188.0,1215
2027,194.0,1297
2028,101.0,1214
2029,145.0,838
2030,121.0,1124
2031,21.0,1208
2032,144.0,650
2033,73.0,1298
2034,73.0,1299
2035,194.0,966
2036,55.0,1224
2037,82.0,701
2038,165.0,1122
2039,122.0,719
2040,55.0,1300
2041,175.0,720
2042,21.0,1301
2043,19.0,1302
2044,60.0,191
2045,131.0,1303
2046,167.0,1304
2047,93.0,833
2048,149.0,491
2049,123.0,359
2050,190.0,1305
2051,77.0,1306
2052,152.0,150
2053,44.0,1307
2054,103.0,36
2055,174.0,1104
2056,125.0,1280
2057,133.0,832
2058,12.0,1308
2059,188.0,1082
2060,71.0,448
2061,72.0,1309
2062,195.0,179
2063,171.0,111
2064,142.0,1310
2065,64.0,1311
2066,1.0,421
2067,1.0,666
2068,93.0,881
2069,163.0,1312
2070,160.0,611
2071,46.0,2
2072,144.0,1275
2073,122.0,541
2074,143.0,1313
2075,43.0,1229
2076,84.0,551
2077,44.0,167
2078,144.0,1075
2079,164.0,1314
2080,54.0,1315
2081,77.0,1316
2082,23.0,1317
2083,8.0,1211
2084,35.0,1318
2085,199.0,1319
2086,198.0,1320
2087,67.0,1076
2088,192.0,1321
2089,174.0,544
2090,9.0,153
2091,18.0,864
2092,143.0,184
2093,87.0,1322
2094,13.0,825
2095,62.0,1127
2096,41.0,133
2097,93.0,1070
2098,127.0,514
2099,88.0,792
2100,109.0,764
2101,184.0,1323
2102,35.0,1026
2103,60.0,746
2104,194.0,882
2105,50.0,904
2106,10.0,339
2107,40.0,604
2108,172.0,707
2109,101.0,172
2110,86.0,1126
2111,114.0,579
2112,149.0,251
2113,109.0,1324
2114,164.0,76
2115,142.0,502
2116,53.0,1165
2117,119.0,1266
2118,59.0,268
2119,193.0,1325
2120,166.0,111
2121,155.0,749
2122,169.0,1326
2123,89.0,201
2124,104.0,452
2125,162.0,1062
2126,198.0,867
2127,178.0,1115
2128,48.0,1233
2129,101.0,171
2130,41.0,721
2131,69.0,92
2132,148.0,20
2133,9.0,153
2134,104.0,1327
2135,99.0,836
2136,196.0,1328
2137,54.0,606
2138,156.0,1083
2139,196.0,75
2140,46.0,1329
2141,55.0,1202
2142,103.0,1330
2143,161.0,97
2144,81.0,1058
2145,42.0,480
2146,154.0,550
2147,72.0,1331
2148,59.0,466
2149,31.0,522
2150,110.0,788
2151,33.0,1332
2152,165.0,1005
2153,102.0,1277
2154,176.0,196
2155,192.0,1333
2156,152.0,1015
2157,161.0,1334
2158,101.0,1062
2159,142.0,1335
2160,125.0,1030
2161,132.0,980
2162,24.0,893
2163,161.0,558
2164,29.0,974
2165,153.0,351
2166,66.0,1091
2167,26.0,818
2168,136.0,714
2169,192.0,1336
2170,197.0,350
2171,3.0,1337
2172,141.0,1338
2173,146.0,1339
2174,77.0,1302
2175,47.0,1340
2176,54.0,477
2177,79.0,1335
2178,0.0,660
2179,169.0,773
2180,180.0,802
2181,80.0,1341
2182,191.0,398
2183,69.0,500
2184,129.0,1176
2185,78.0,1342
2186,74.0,528
2187,120.0,309
2188,119.0,1131
2189,145.0,970
2190,157.0,1343
2191,130.0,1185
2192,125.0,308
2193,113.0,435
2194,182.0,791
2195,197.0,694
2196,130.0,1246
2197,55.0,1028
2198,45.0,1344
2199,32.0,752
2200,81.0,464
2201,59.0,35
2202,40.0,171
2203,143.0,1345
2204,17.0,1077
2205,21.0,1118
2206,97.0,83
2207,62.0,1346
2208,84.0,923
2209,44.0,1347
2210,57.0,1348
2211,105.0,1349
2212,18.0,854
2213,101.0,997
2214,168.0,456
2215,41.0,570
2216,25.0,149
2217,171.0,1326
2218,152.0,818
2219,174.0,185
2220,81.0,1350
2221,197.0,1351
2222,91.0,858
2223,83.0,1313
2224,17.0,1352
2225,194.0,1333
2226,38.0,1110
2227,150.0,97
2228,109.0,1060
2229,166.0,1248
2230,58.0,1353
2231,129.0,465
2232,181.0,554
2233,30.0,1227
2234,149.0,991
2235,134.0,1354
2236,149.0,407
2237,171.0,1355
2238,32.0,598
2239,113.0,1356
2240,164.0,620
2241,164.0,527
2242,52.0,700
2243,111.0,816
2244,166.0,437
2245,7.0,1357
2246,114.0,1358
2247,141.0,686
2248,39.0,1359
2249,39.0,1095
2250,16.0,1159
2251,106.0,1295
2252,69.0,441
2253,139.0,1104
2254,154.0,43
2255,123.0,991
2256,78.0,1360
2257,172.0,58
2258,102.0,318
2259,121.0,1361
2260,56.0,1249
2261,163.0,1096
2262,180.0,898
2263,21.0,319
2264,67.0,1091
2265,5.0,869
2266,5.0,1272
2267,2.0,25
2268,166.0,734
2269,18.0,1362
2270,66.0,1182
2271,180.0,179
2272,91.0,1301
2273,9.0,498
2274,138.0,721
2275,6.0,1257
2276,140.0,1214
2277,123.0,1363
2278,9.0,1120
2279,185.0,603
2280,58.0,1098
2281,148.0,215
2282,168.0,1056
2283,145.0,1271
2284,5.0,1364
2285,176.0,443
2286,181.0,571
2287,145.0,1365
2288,191.0,1039
2289,124.0,928
2290,110.0,122
2291,171.0,1115
2292,187.0,399
2293,190.0,1366
2294,32.0,274
2295,171.0,404
2296,122.0,1149
2297,158.0,305
2298,192.0,1150
2299,20.0,1367
2300,124.0,1368
2301,166.0,455
2302,160.0,617
2303,33.0,549
2304,170.0,1300
2305,195.0,966
2306,73.0,1369
2307,143.0,1268
2308,166.0,1090
2309,63.0,1370
2310,194.0,640
2311,1.0,1371
2312,116.0,928
2313,107.0,1111
2314,132.0,1191
2315,13.0,45
2316,182.0,1092
2317,115.0,1190
2318,21.0,1372
2319,58.0,860
2320,55.0,698
2321,39.0,385
2322,159.0,585
2323,183.0,1179
2324,78.0,1373
2325,95.0,684
2326,95.0,1374
2327,139.0,801
2328,140.0,942
2329,119.0,935
2330,88.0,1375
2331,10.0,1376
2332,44.0,1377
2333,198.0,415
2334,117.0,582
2335,102.0,1242
2336,50.0,1311
2337,112.0,1378
2338,113.0,192
2339,36.0,856
2340,115.0,1379
2341,5.0,539
2342,158.0,1218
2343,14.0,446
2344,11.0,369
2345,69.0,1380
2346,8.0,906
2347,178.0,1197
2348,185.0,1214
2349,64.0,595
2350,166.0,565
2351,106.0,1381
2352,89.0,1382
2353,144.0,612
2354,103.0,331
2355,43.0,297
2356,174.0,1300
2357,96.0,349
2358,68.0,1383
2359,110.0,1384
2360,87.0,798
2361,152.0,683
2362,84.0,1267
2363,99.0,1203
2364,80.0,1096
2365,198.0,1385
2366,5.0,1386
2367,120.0,309
2368,190.0,1387
2369,121.0,665
2370,128.0,1388
2371,128.0,1018
2372,177.0,568
2373,193.0,842
2374,8.0,1296
2375,73.0,924
2376,17.0,1389
2377,101.0,1236
2378,18.0,17
2379,128.0,481
2380,180.0,1390
2381,76.0,885
2382,27.0,100
2383,39.0,1302
2384,165.0,1391
2385,98.0,1097
2386,9.0,1392
2387,183.0,646
2388,90.0,1165
2389,56.0,1109
2390,57.0,1393
2391,35.0,1070
2392,58.0,746
2393,89.0,1394
2394,166.0,1395
2395,36.0,1177
2396,97.0,1396
2397,136.0,1397
2398,5.0,1398
2399,126.0,299
2400,44.0,132
2401,38.0,620
2402,4.0,1399
2403,162.0,1400
2404,25.0,1401
2405,80.0,553
2406,65.0,953
2407,99.0,685
2408,39.0,998
2409,93.0,534
2410,119.0,1402
2411,126.0,1131
2412,6.0,1337
2413,31.0,437
2414,30.0,835
2415,18.0,288
2416,4.0,418
2417,185.0,1403
2418,7.0,573
2419,22.0,903
2420,2.0,1201
2421,26.0,647
2422,102.0,1207
2423,127.0,1154
2424,147.0,1356
2425,86.0,1404
2426,125.0,1405
2427,4.0,25
2428,56.0,301
2429,2.0,1406
2430,120.0,87
2431,24.0,868
2432,182.0,321
2433,158.0,1357
2434,157.0,850
2435,161.0,872
2436,12.0,1407
2437,13.0,1020
2438,75.0,176
2439,72.0,672
2440,72.0,617
2441,146.0,871
2442,105.0,1408
2443,115.0,1309
2444,183.0,667
2445,36.0,934
2446,71.0,940
2447,60.0,61
2448,119.0,1092
2449,80.0,1409
2450,123.0,1410
2451,111.0,1084
2452,153.0,768
2453,166.0,1411
2454,127.0,1170
2455,77.0,615
2456,81.0,1292
2457,147.0,1240
2458,57.0,229
2459,106.0,814
2460,95.0,165
2461,82.0,216
2462,109.0,1299
2463,168.0,1074
2464,182.0,70
2465,5.0,1412
2466,39.0,162
2467,2.0,969
2468,188.0,410
2469,137.0,955
2470,40.0,358
2471,165.0,1413
2472,79.0,1292
2473,11.0,1207
2474,88.0,1414
2475,76.0,1415
2476,46.0,1329
2477,183.0,1416
2478,83.0,1417
2479,183.0,1418
2480,142.0,1411
2481,99.0,1309
2482,50.0,1419
2483,51.0,1420
2484,19.0,1064
2485,163.0,1421
2486,52.0,1414
2487,156.0,1013
2488,139.0,592
2489,71.0,1157
2490,157.0,494
2491,6.0,1422
2492,58.0,1423
2493,83.0,1337
2494,0.0,169
2495,42.0,793
2496,93.0,580
2497,150.0,1064
2498,187.0,498
2499,100.0,730
2500,9.0,177
2501,19.0,1193
2502,80.0,1350
2503,35.0,1026
2504,121.0,505
2505,182.0,13
2506,137.0,1424
2507,98.0,139
2508,73.0,1425
2509,163.0,1139
2510,177.0,1426
2511,41.0,260
2512,199.0,636
2513,9.0,631
2514,151.0,1427
2515,168.0,1428
2516,25.0,1429
2517,29.0,1238
2518,77.0,1239
2519,96.0,698
2520,3.0,1430
2521,51.0,473
2522,181.0,1405
2523,179.0,111
2524,25.0,863
2525,11.0,225
2526,8.0,1273
2527,117.0,64
2528,123.0,747
2529,158.0,1074
2530,87.0,1325
2531,65.0,35
2532,53.0,1431
2533,42.0,695
2534,13.0,277
2535,123.0,1432
2536,42.0,218
2537,152.0,1413
2538,152.0,1047
2539,161.0,307
2540,63.0,901
2541,58.0,1433
2542,58.0,623
2543,11.0,1017
2544,150.0,442
2545,12.0,1434
2546,180.0,802
2547,127.0,628
2548,69.0,1304
2549,52.0,700
2550,139.0,501
2551,23.0,236
2552,89.0,1435
2553,62.0,468
2554,146.0,1264
2555,92.0,492
2556,77.0,1436
2557,108.0,674
2558,89.0,1437
2559,1.0,1371
2560,69.0,1438
2561,149.0,572
2562,34.0,1439
2563,139.0,579
2564,70.0,1129
2565,168.0,961
2566,182.0,765
2567,164.0,1373
2568,2.0,1317
2569,65.0,361
2570,63.0,1440
2571,74.0,1413
2572,46.0,1086
2573,9.0,1120
2574,58.0,709
2575,36.0,1441
2576,61.0,746
2577,16.0,557
2578,187.0,1442
2579,159.0,577
2580,175.0,1061
2581,184.0,1443
2582,95.0,170
2583,158.0,530
2584,32.0,1444
2585,71.0,589
2586,77.0,1277
2587,199.0,176
2588,27.0,1445
2589,88.0,1446
2590,106.0,521
2591,22.0,154
2592,98.0,23
2593,118.0,993
2594,12.0,1308
2595,160.0,1447
2596,144.0,1172
2597,92.0,295
2598,13.0,825
2599,162.0,344
2600,179.0,285
2601,96.0,1083
2602,149.0,726
2603,61.0,920
2604,34.0,979
2605,43.0,929
2606,35.0,246
2607,176.0,1448
2608,113.0,757
2609,157.0,544
2610,45.0,1449
2611,27.0,1450
2612,110.0,1451
2613,37.0,806
2614,72.0,1452
2615,45.0,751
2616,127.0,419
2617,44.0,303
2618,190.0,745
2619,110.0,1269
2620,87.0,107
2621,64.0,1453
2622,57.0,56
2623,159.0,424
2624,43.0,1127
2625,174.0,975
2626,199.0,1454
2627,99.0,1435
2628,114.0,1232
2629,72.0,158
2630,171.0,1378
2631,174.0,1455
2632,20.0,1456
2633,120.0,1343
2634,63.0,1406
2635,186.0,1450
2636,13.0,1147
2637,113.0,864
2638,52.0,852
2639,83.0,1457
2640,55.0,480
2641,88.0,395
2642,108.0,951
2643,183.0,1458
2644,128.0,1195
2645,105.0,507
2646,124.0,1459
2647,151.0,1156
2648,148.0,1460
2649,197.0,601
2650,96.0,418
2651,116.0,1235
2652,177.0,1426
2653,10.0,1461
2654,58.0,762
2655,131.0,744
2656,174.0,1040
2657,12.0,666
2658,15.0,865
2659,53.0,187
2660,44.0,169
2661,90.0,777
2662,88.0,395
2663,34.0,1379
2664,48.0,1088
2665,197.0,601
2666,186.0,261
2667,31.0,1462
2668,150.0,1234
2669,56.0,1463
2670,190.0,487
2671,175.0,1464
2672,192.0,1454
2673,62.0,231
2674,107.0,1260
2675,112.0,273
2676,26.0,1462
2677,10.0,1465
2678,98.0,1460
2679,189.0,706
2680,67.0,1466
2681,147.0,756
2682,50.0,1365
2683,53.0,1383
2684,44.0,1467
2685,132.0,1181
2686,147.0,515
2687,175.0,731
2688,120.0,1153
2689,132.0,888
2690,58.0,1160
2691,17.0,89
2692,75.0,429
2693,136.0,1468
2694,46.0,285
2695,180.0,367
2696,145.0,1458
2697,15.0,1192
2698,164.0,1216
2699,27.0,137
2700,16.0,837
2701,47.0,182
2702,43.0,297
2703,68.0,1182
2704,8.0,1469
2705,29.0,1170
2706,8.0,638
2707,139.0,1470
2708,180.0,1236
2709,23.0,26
2710,113.0,445
2711,67.0,1199
2712,89.0,1365
2713,127.0,703
2714,181.0,1298
2715,162.0,716
2716,145.0,892
2717,92.0,1052
2718,19.0,635
2719,87.0,826
2720,105.0,1348
2721,52.0,927
2722,192.0,1471
2723,59.0,1166
2724,151.0,76
2725,135.0,591
2726,60.0,1009
2727,18.0,1472
2728,177.0,908
2729,38.0,434
2730,156.0,917
2731,157.0,286
2732,177.0,655
2733,130.0,560
2734,54.0,1086
2735,29.0,1354
2736,120.0,1473
2737,48.0,1376
2738,167.0,728
2739,193.0,842
2740,78.0,1474
2741,22.0,1475
2742,167.0,648
2743,52.0,1476
2744,50.0,131
2745,8.0,720
2746,140.0,612
2747,51.0,1420
2748,22.0,1229
2749,7.0,1377
2750,18.0,820
2751,96.0,1294
2752,173.0,1477
2753,90.0,1478
2754,147.0,1479
2755,106.0,143
2756,93.0,1339
2757,68.0,922
2758,30.0,467
2759,118.0,1190
2760,105.0,1478
2761,58.0,1423
2762,10.0,935
2763,21.0,219
2764,96.0,1008
2765,95.0,1217
2766,192.0,672
2767,39.0,615
2768,82.0,997
2769,120.0,469
2770,187.0,745
2771,86.0,1480
2772,131.0,1428
2773,127.0,1411
2774,115.0,1443
2775,179.0,657
2776,100.0,1481
2777,16.0,1215
2778,101.0,1482
2779,49.0,968
2780,68.0,787
2781,99.0,80
2782,109.0,281
2783,198.0,748
2784,107.0,613
2785,178.0,959
2786,36.0,1169
2787,70.0,1483
2788,136.0,1484
2789,77.0,471
2790,71.0,1451
2791,112.0,147
2792,42.0,1303
2793,36.0,406
2794,33.0,1485
2795,137.0,402
2796,135.0,912
2797,73.0,1452
2798,2.0,1446
2799,18.0,362
2800,141.0,1022
2801,183.0,1486
2802,14.0,1179
2803,90.0,155
2804,38.0,306
2805,178.0,908
2806,179.0,323
2807,43.0,963
2808,36.0,975
2809,145.0,1458
2810,27.0,1487
2811,169.0,111
2812,63.0,1440
2813,35.0,1128
2814,190.0,487
2815,79.0,1231
2816,140.0,1488
2817,61.0,1278
2818,6.0,128
2819,188.0,508
2820,124.0,859
2821,41.0,699
2822,99.0,685
2823,102.0,1489
2824,16.0,1122
2825,186.0,1490
2826,130.0,506
2827,138.0,1237
2828,50.0,131
2829,43.0,963
2830,126.0,809
2831,153.0,67
2832,124.0,469
2833,44.0,973
2834,151.0,1479
2835,76.0,266
2836,111.0,1448
2837,144.0,644
2838,140.0,1306
2839,27.0,1318
2840,64.0,1388
2841,125.0,1110
2842,143.0,1268
2843,128.0,1402
2844,194.0,1491
2845,66.0,484
2846,118.0,984
2847,125.0,412
2848,145.0,570
2849,192.0,392
2850,180.0,1021
2851,88.0,493
2852,186.0,261
2853,176.0,443
2854,32.0,921
2855,193.0,1492
2856,107.0,800
2857,137.0,1038
2858,57.0,229
2859,153.0,866
2860,79.0,1493
2861,56.0,1314
2862,8.0,1494
2863,73.0,1179
2864,161.0,1464
2865,63.0,1278
2866,100.0,1081
2867,143.0,1068
2868,188.0,508
2869,160.0,1145
2870,69.0,1073
2871,147.0,917
2872,32.0,1032
2873,116.0,984
2874,189.0,840
2875,32.0,1495
2876,95.0,1315
2877,52.0,883
2878,181.0,812
2879,41.0,1496
2880,91.0,258
2881,186.0,515
2882,156.0,293
2883,9.0,1497
2884,82.0,1498
2885,126.0,713
2886,16.0,1000
2887,63.0,1243
2888,23.0,1499
2889,167.0,324
2890,3.0,496
2891,56.0,301
2892,163.0,1061
2893,159.0,1035
2894,52.0,808
2895,115.0,886
2896,155.0,150
2897,72.0,1500
2898,103.0,1309
2899,106.0,1501
2900,28.0,789
2901,130.0,943
2902,162.0,239
2903,55.0,1274
2904,28.0,1494
2905,71.0,366
2906,110.0,1138
2907,80.0,553
2908,140.0,1267
2909,166.0,1502
2910,81.0,44
2911,55.0,1419
2912,113.0,877
2913,139.0,609
2914,140.0,1494
2915,59.0,891
2916,67.0,355
2917,156.0,767
2918,135.0,1432
2919,158.0,123
2920,188.0,1487
2921,109.0,86
2922,164.0,731
2923,0.0,53
2924,40.0,171
2925,7.0,104
2926,103.0,257
2927,150.0,476
2928,41.0,1496
2929,196.0,1503
2930,185.0,830
2931,87.0,935
2932,145.0,267
2933,134.0,1451
2934,191.0,914
2935,87.0,896
2936,147.0,346
2937,82.0,1504
2938,38.0,793
2939,188.0,673
2940,129.0,189
2941,60.0,361
2942,110.0,1269
2943,168.0,401
2944,1.0,586
2945,20.0,1057
2946,111.0,1505
2947,80.0,1506
2948,73.0,1267
2949,31.0,136
2950,172.0,42
2951,123.0,1232
2952,132.0,139
2953,128.0,703
2954,36.0,1507
2955,86.0,785
2956,171.0,650
2957,41.0,133
2958,99.0,799
2959,101.0,653
2960,105.0,1349
2961,1.0,1201
2962,140.0,1267
2963,7.0,654
2964,47.0,152
2965,99.0,1508
2966,76.0,388
2967,95.0,796
2968,129.0,582
2969,50.0,373
2970,105.0,805
2971,26.0,354
2972,187.0,1487
2973,150.0,283
2974,56.0,570
2975,173.0,138
2976,166.0,324
2977,153.0,1509
2978,75.0,1107
2979,37.0,997
2980,164.0,1357
2981,192.0,627
2982,170.0,620
2983,21.0,1126
2984,21.0,1286
2985,101.0,715
2986,186.0,228
2987,4.0,25
2988,73.0,269
2989,111.0,232
2990,156.0,1338
2991,83.0,174
2992,26.0,1465
2993,177.0,512
2994,60.0,1510
2995,106.0,1501
2996,188.0,1511
2997,193.0,1247
2998,183.0,976
2999,107.0,1381
3000,118.0,1051
3001,77.0,475
3002,103.0,1092
3003,43.0,1512
3004,132.0,293
3005,121.0,179
3006,123.0,1513
3007,141.0,1370
3008,144.0,198
3009,147.0,1514
3010,184.0,887
3011,162.0,1181
3012,102.0,1023
3013,192.0,504
3014,161.0,1015
3015,194.0,1121
3016,186.0,682
3017,143.0,1135
3018,2.0,1146
3019,27.0,1272
3020,198.0,867
3021,126.0,1161
3022,62.0,1515
3023,5.0,539
3024,125.0,1516
3025,32.0,696
3026,187.0,1517
3027,144.0,1268
3028,194.0,1518
3029,101.0,354
3030,62.0,5
3031,36.0,8
3032,165.0,1519
3033,148.0,1520
3034,133.0,1431
3035,35.0,1299
3036,76.0,778
3037,3.0,1521
3038,89.0,904
3039,27.0,30
3040,64.0,758
3041,45.0,874
3042,75.0,1230
3043,84.0,1514
3044,15.0,1362
3045,135.0,1215
3046,16.0,1522
3047,102.0,31
3048,65.0,823
3049,125.0,809
3050,48.0,803
3051,154.0,85
3052,142.0,686
3053,86.0,723
3054,92.0,1052
3055,42.0,1523
3056,29.0,1517
3057,168.0,190
3058,71.0,1524
3059,80.0,422
3060,96.0,1399
3061,29.0,230
3062,150.0,1004
3063,109.0,384
3064,74.0,1337
3065,124.0,713
3066,29.0,1216
3067,72.0,1168
3068,181.0,708
3069,43.0,1504
3070,51.0,426
3071,55.0,189
3072,62.0,1525
3073,138.0,1526
3074,124.0,514
3075,0.0,1469
3076,195.0,767
3077,52.0,203
3078,184.0,1344
3079,172.0,327
3080,78.0,704
3081,14.0,933
3082,63.0,1307
3083,172.0,646
3084,79.0,1436
3085,150.0,1427
3086,22.0,808
3087,197.0,350
3088,109.0,1459
3089,121.0,1097
3090,118.0,1177
3091,18.0,1527
3092,21.0,948
3093,45.0,1268
3094,75.0,445
3095,128.0,1014
3096,85.0,616
3097,147.0,828
3098,20.0,1057
3099,131.0,1358
3100,105.0,1478
3101,115.0,1293
3102,30.0,608
3103,176.0,1213
3104,59.0,1045
3105,192.0,197
3106,7.0,1528
3107,18.0,1418
3108,158.0,1218
3109,19.0,443
3110,123.0,809
3111,11.0,1529
3112,29.0,1291
3113,53.0,45
3114,153.0,2
3115,56.0,937
3116,70.0,1530
3117,185.0,46
3118,146.0,1480
3119,52.0,144
3120,75.0,1472
3121,158.0,305
3122,89.0,1531
3123,40.0,1226
3124,118.0,372
3125,124.0,859
3126,38.0,1444
3127,57.0,533
3128,24.0,1196
3129,140.0,1027
3130,98.0,462
3131,75.0,804
3132,141.0,1150
3133,174.0,1141
3134,68.0,622
3135,179.0,443
3136,7.0,1317
3137,33.0,1532
3138,10.0,1520
3139,129.0,1533
3140,189.0,822
3141,10.0,140
3142,18.0,1115
3143,199.0,1534
3144,170.0,512
3145,124.0,928
3146,195.0,1535
3147,28.0,638
3148,37.0,1066
3149,128.0,1522
3150,191.0,1012
3151,90.0,1290
3152,143.0,537
3153,16.0,1439
3154,98.0,1338
3155,62.0,637
3156,179.0,509
3157,185.0,343
3158,89.0,73
3159,104.0,1536
3160,158.0,1123
3161,121.0,1078
3162,13.0,1537
3163,108.0,1142
3164,133.0,1431
3165,118.0,1338
3166,19.0,354
3167,123.0,668
3168,185.0,212
3169,47.0,1524
3170,117.0,1538
3171,111.0,1106
3172,60.0,1370
3173,153.0,1539
3174,124.0,791
3175,23.0,1196
3176,165.0,574
3177,121.0,559
3178,90.0,1102
3179,140.0,1098
3180,166.0,1240
3181,120.0,259
3182,23.0,405
3183,41.0,1065
3184,179.0,323
3185,108.0,349
3186,140.0,1540
3187,178.0,945
3188,147.0,396
3189,78.0,27
3190,148.0,681
3191,166.0,565
3192,126.0,101
3193,64.0,1188
3194,111.0,1359
3195,118.0,1541
3196,47.0,1331
3197,169.0,1018
3198,0.0,986
3199,79.0,584
3200,75.0,1230
3201,154.0,372
3202,117.0,571
3203,111.0,1084
3204,46.0,718
3205,87.0,1503
3206,69.0,500
3207,72.0,84
3208,161.0,1532
3209,59.0,35
3210,124.0,1537
3211,145.0,1542
3212,105.0,1231
3213,197.0,423
3214,102.0,653
3215,45.0,1543
3216,37.0,1241
3217,31.0,1474
3218,20.0,555
3219,16.0,1408
3220,66.0,50
3221,119.0,312
3222,22.0,377
3223,28.0,1544
3224,4.0,1500
3225,24.0,775
3226,37.0,343
3227,52.0,652
3228,63.0,1273
3229,157.0,850
3230,142.0,1271
3231,94.0,391
3232,62.0,188
3233,93.0,833
3234,140.0,1530
3235,29.0,1256
3236,83.0,1545
3237,118.0,124
3238,45.0,134
3239,155.0,611
3240,20.0,1546
3241,101.0,1461
3242,160.0,728
3243,61.0,1045
3244,64.0,1345
3245,173.0,1547
3246,70.0,1548
3247,126.0,1321
3248,47.0,152
3249,103.0,411
3250,139.0,1104
3251,61.0,427
3252,126.0,481
3253,28.0,863
3254,95.0,397
3255,112.0,245
3256,179.0,509
3257,11.0,153
3258,25.0,496
3259,135.0,320
3260,84.0,999
3261,76.0,811
3262,195.0,806
3263,100.0,1081
3264,120.0,1200
3265,75.0,1367
3266,70.0,303
3267,95.0,1395
3268,71.0,53
3269,78.0,788
3270,53.0,1275
3271,69.0,24
3272,60.0,1370
3273,188.0,1549
3274,74.0,499
3275,86.0,1454
3276,7.0,115
3277,86.0,1550
3278,37.0,31
3279,71.0,1551
3280,133.0,907
3281,45.0,555
3282,188.0,1533
3283,52.0,1552
3284,182.0,992
3285,95.0,958
3286,103.0,164
3287,164.0,614
3288,131.0,582
3289,86.0,1468
3290,85.0,1553
3291,30.0,1554
3292,109.0,972
3293,90.0,1401
3294,46.0,38
3295,174.0,796
3296,35.0,1535
3297,158.0,1300
3298,75.0,429
3299,93.0,1276
3300,120.0,1194
3301,128.0,1161
3302,65.0,472
3303,25.0,1100
3304,82.0,1254
3305,125.0,1555
3306,92.0,160
3307,76.0,1556
3308,117.0,1428
3309,127.0,1557
3310,76.0,604
3311,92.0,1353
3312,78.0,1226
3313,186.0,919
3314,119.0,827
3315,163.0,672
3316,30.0,1108
3317,100.0,1081
3318,90.0,675
3319,130.0,519
3320,86.0,1404
3321,44.0,290
3322,195.0,1556
3323,26.0,1381
3324,129.0,338
3325,138.0,857
3326,54.0,157
3327,195.0,737
3328,133.0,876
3329,111.0,1558
3330,8.0,1559
3331,157.0,1300
3332,157.0,1097
3333,190.0,1366
3334,116.0,412
3335,176.0,1
3336,17.0,1560
3337,175.0,1560
3338,77.0,570
3339,143.0,1264
3340,109.0,1561
3341,136.0,1174
3342,70.0,1562
3343,8.0,1171
3344,47.0,689
3345,116.0,950
3346,66.0,1294
3347,190.0,1080
3348,38.0,1236
3349,189.0,822
3350,63.0,102
3351,173.0,668
3352,27.0,1391
3353,63.0,1258
3354,19.0,1183
3355,187.0,1216
3356,85.0,104
3357,53.0,933
3358,125.0,1149
3359,80.0,772
3360,3.0,1151
3361,32.0,946
3362,33.0,1485
3363,193.0,1514
3364,17.0,1563
3365,172.0,1013
3366,108.0,1463
3367,10.0,1512
3368,118.0,293
3369,2.0,1493
3370,182.0,667
3371,131.0,398
3372,109.0,281
3373,63.0,1258
3374,181.0,1143
3375,173.0,190
3376,81.0,935
3377,137.0,1433
3378,89.0,1564
3379,197.0,1325
3380,115.0,1176
3381,43.0,831
3382,97.0,1496
3383,100.0,466
3384,166.0,848
3385,162.0,1161
3386,180.0,1565
3387,186.0,682
3388,13.0,1035
3389,80.0,918
3390,178.0,1336
3391,157.0,768
3392,162.0,22
3393,148.0,362
3394,85.0,1566
3395,62.0,746
3396,78.0,1567
3397,76.0,1171
3398,98.0,215
3399,172.0,707
3400,154.0,1568
3401,99.0,1437
3402,115.0,744
3403,3.0,1569
3404,110.0,98
3405,43.0,95
3406,92.0,1392
3407,169.0,91
3408,48.0,95
3409,43.0,1505
3410,66.0,1570
3411,20.0,1011
3412,182.0,815
3413,141.0,1386
3414,84.0,1025
3415,157.0,996
3416,178.0,614
3417,65.0,199
3418,109.0,1571
3419,25.0,1279
3420,106.0,1338
3421,149.0,1030
3422,22.0,895
3423,195.0,564
3424,153.0,1048
3425,45.0,348
3426,37.0,1415
3427,99.0,799
3428,131.0,49
3429,140.0,838
3430,37.0,1054
3431,19.0,193
3432,119.0,312
3433,132.0,1519
3434,11.0,249
3435,109.0,1125
3436,171.0,995
3437,84.0,1512
3438,52.0,981
3439,117.0,338
3440,44.0,1188
3441,140.0,1572
3442,177.0,946
3443,107.0,127
3444,44.0,988
3445,139.0,1207
3446,154.0,150
3447,82.0,1287
3448,193.0,596
3449,77.0,1103
3450,180.0,1099
3451,134.0,1090
3452,31.0,438
3453,97.0,645
3454,65.0,5
3455,65.0,586
3456,124.0,41
3457,114.0,352
3458,174.0,610
3459,91.0,1573
3460,162.0,1067
3461,18.0,140
3462,128.0,1161
3463,194.0,1518
3464,156.0,360
3465,179.0,1565
3466,178.0,1227
3467,119.0,890
3468,88.0,626
3469,3.0,1574
3470,90.0,1072
3471,149.0,1512
3472,167.0,159
3473,120.0,486
3474,89.0,1382
3475,49.0,1493
3476,11.0,1575
3477,132.0,1181
3478,117.0,957
3479,133.0,1233
3480,18.0,737
3481,187.0,1576
3482,26.0,649
3483,186.0,919
3484,158.0,1056
3485,120.0,1214
3486,122.0,1513
3487,37.0,1110
3488,112.0,294
3489,64.0,1531
3490,158.0,1577
3491,81.0,44
3492,95.0,38
3493,148.0,208
3494,146.0,1578
3495,133.0,602
3496,177.0,513
3497,174.0,1579
3498,35.0,358
3499,117.0,1331
3500,105.0,1288
3501,133.0,369
3502,155.0,18
3503,91.0,479
3504,161.0,777
3505,173.0,989
3506,93.0,485
3507,114.0,1161
3508,194.0,1580
3509,180.0,872
3510,93.0,1581
3511,40.0,1341
3512,101.0,1239
3513,18.0,1252
3514,16.0,1582
3515,133.0,720
3516,37.0,1089
3517,19.0,1316
3518,126.0,1583
3519,92.0,368
3520,113.0,289
3521,193.0,384
3522,12.0,763
3523,105.0,1478
3524,50.0,1001
3525,151.0,489
3526,137.0,402
3527,149.0,694
3528,142.0,1468
3529,70.0,860
3530,186.0,37
3531,130.0,994
3532,152.0,550
3533,31.0,1043
3534,114.0,1499
3535,6.0,832
3536,120.0,1584
3537,54.0,69
3538,125.0,1030
3539,60.0,61
3540,115.0,338
3541,133.0,1585
3542,63.0,1446
3543,55.0,1474
3544,191.0,1039
3545,142.0,254
3546,33.0,781
3547,173.0,1586
3548,32.0,1171
3549,108.0,1063
3550,109.0,972
3551,30.0,1587
3552,142.0,342
3553,183.0,667
3554,168.0,556
3555,123.0,1588
3556,60.0,1458
3557,174.0,1289
3558,103.0,331
3559,80.0,553
3560,154.0,1448
3561,129.0,984
3562,162.0,1114
3563,175.0,255
3564,158.0,577
3565,14.0,1580
3566,81.0,142
3567,77.0,1433
3568,154.0,351
3569,144.0,1271
3570,35.0,1589
3571,6.0,458
3572,43.0,1563
3573,7.0,1449
3574,149.0,1175
3575,103.0,1562
3576,59.0,931
3577,13.0,45
3578,45.0,1543
3579,117.0,1078
3580,162.0,1141
3581,135.0,1461
3582,75.0,349
3583,85.0,616
3584,190.0,625
3585,103.0,1191
3586,31.0,873
3587,199.0,51
3588,97.0,1262
3589,86.0,1480
3590,31.0,752
3591,24.0,1553
3592,129.0,826
3593,49.0,736
3594,178.0,1274
3595,4.0,1500
3596,120.0,1149
3597,25.0,1256
3598,93.0,1573
3599,139.0,1207
3600,48.0,1590
3601,136.0,1310
3602,85.0,1564
3603,172.0,818
3604,28.0,1006
3605,59.0,567
3606,163.0,356
3607,90.0,1025
3608,78.0,1591
3609,85.0,1437
3610,91.0,1299
3611,165.0,475
3612,104.0,1592
3613,190.0,1241
3614,28.0,1593
3615,191.0,398
3616,196.0,1445
3617,143.0,597
3618,19.0,939
3619,28.0,817
3620,38.0,67
3621,98.0,655
3622,131.0,1429
3623,137.0,1282
3624,170.0,287
3625,71.0,328
3626,176.0,1594
3627,143.0,1458
3628,97.0,1456
3629,191.0,358
3630,104.0,1007
3631,2.0,1483
3632,117.0,1482
3633,43.0,745
3634,20.0,1109
3635,10.0,1170
3636,112.0,797
3637,165.0,1426
3638,75.0,1579
3639,2.0,389
3640,98.0,1023
3641,192.0,504
3642,71.0,595
3643,196.0,1034
3644,198.0,1330
3645,21.0,1490
3646,49.0,203
3647,35.0,1070
3648,190.0,758
3649,114.0,119
3650,125.0,1545
3651,176.0,360
3652,104.0,322
3653,140.0,168
3654,112.0,1589
3655,57.0,1595
3656,96.0,46
3657,113.0,1596
3658,131.0,1489
3659,93.0,433
3660,22.0,370
3661,21.0,1490
3662,39.0,828
3663,194.0,770
3664,78.0,1597
3665,6.0,1257
3666,86.0,1566
3667,142.0,1542
3668,105.0,843
3669,40.0,1448
3670,143.0,375
3671,46.0,432
3672,39.0,272
3673,164.0,716
3674,26.0,371
3675,141.0,1371
3676,34.0,23
3677,181.0,619
3678,19.0,1472
3679,167.0,1198
3680,82.0,216
3681,156.0,725
3682,113.0,1570
3683,198.0,200
3684,45.0,1268
3685,89.0,48
3686,55.0,419
3687,5.0,905
3688,94.0,610
3689,152.0,526
3690,174.0,1355
3691,110.0,1598
3692,138.0,449
3693,86.0,134
3694,173.0,1019
3695,29.0,1368
3696,33.0,1518
3697,6.0,12
3698,139.0,1523
3699,117.0,1473
3700,177.0,447
3701,134.0,1347
3702,80.0,1548
3703,9.0,1599
3704,181.0,1390
3705,122.0,747
3706,139.0,1035
3707,20.0,531
3708,128.0,1046
3709,105.0,1344
3710,7.0,1222
3711,55.0,975
3712,84.0,1319
3713,65.0,427
3714,118.0,392
3715,167.0,1194
3716,108.0,850
3717,174.0,767
3718,108.0,1224
3719,68.0,1568
3720,97.0,936
3721,28.0,1600
3722,147.0,1071
3723,114.0,208
3724,73.0,1433
3725,41.0,1387
3726,127.0,676
3727,4.0,457
3728,104.0,183
3729,88.0,790
3730,126.0,732
3731,67.0,526
3732,84.0,1212
3733,16.0,1390
3734,114.0,950
3735,58.0,5
3736,50.0,760
3737,154.0,1013
3738,99.0,1002
3739,183.0,1416
3740,64.0,927
3741,133.0,1130
3742,129.0,1263
3743,91.0,1327
3744,30.0,1507
3745,152.0,1601
3746,155.0,767
3747,86.0,1126
3748,33.0,1602
3749,175.0,1592
3750,14.0,1421
3751,80.0,1603
3752,97.0,1604
3753,148.0,425
3754,109.0,1060
3755,88.0,40
3756,79.0,1603
3757,136.0,450
3758,41.0,721
3759,154.0,1067
3760,74.0,165
3761,32.0,1474
3762,150.0,546
3763,25.0,1100
3764,129.0,1453
3765,123.0,1526
3766,168.0,665
3767,118.0,956
3768,16.0,365
3769,122.0,960
3770,114.0,715
3771,106.0,143
3772,38.0,795
3773,69.0,92
3774,4.0,1222
3775,125.0,1185
3776,136.0,1597
3777,48.0,1418
3778,179.0,1439
3779,31.0,522
3780,94.0,63
3781,112.0,1363
3782,135.0,1205
3783,28.0,817
3784,105.0,982
3785,82.0,525
3786,170.0,1586
3787,82.0,1505
3788,62.0,213
3789,81.0,783
3790,69.0,1438
3791,134.0,1605
3792,134.0,887
3793,88.0,792
3794,5.0,12
3795,25.0,1006
3796,157.0,879
3797,167.0,1015
3798,24.0,775
3799,41.0,260
3800,24.0,515
3801,84.0,586
3802,29.0,752
3803,183.0,1422
3804,122.0,101
3805,160.0,1502
3806,94.0,285
3807,130.0,859
3808,57.0,1257
3809,74.0,528
3810,40.0,1606
3811,167.0,1594
3812,93.0,1031
3813,175.0,943
3814,101.0,172
3815,29.0,1255
3816,143.0,265
3817,194.0,1429
3818,104.0,252
3819,25.0,369
3820,68.0,1491
3821,12.0,1249
3822,82.0,1607
3823,30.0,1261
3824,151.0,527
3825,159.0,1608
3826,147.0,1477
3827,148.0,208
3828,12.0,1567
3829,32.0,1609
3830,22.0,1475
3831,123.0,1555
3832,122.0,359
3833,14.0,933
3834,53.0,794
3835,175.0,266
3836,191.0,1499
3837,193.0,742
3838,80.0,1548
3839,92.0,492
3840,138.0,548
3841,147.0,346
3842,87.0,244
3843,116.0,880
3844,44.0,978
3845,181.0,1067
3846,115.0,1448
3847,92.0,1478
3848,90.0,223
3849,22.0,1196
3850,13.0,1219
3851,20.0,1390
3852,68.0,1540
3853,24.0,1449
3854,61.0,1515
3855,57.0,961
3856,176.0,602
3857,67.0,1570
3858,171.0,894
3859,194.0,1417
3860,169.0,562
3861,180.0,621
3862,60.0,361
3863,189.0,1318
3864,56.0,301
3865,1.0,1610
3866,157.0,1050
3867,182.0,195
3868,30.0,274
3869,153.0,569
3870,113.0,757
3871,196.0,1465
3872,60.0,1278
3873,10.0,1206
3874,36.0,282
3875,43.0,1447
3876,180.0,776
3877,99.0,1435
3878,37.0,221
3879,183.0,13
3880,22.0,515
3881,44.0,389
3882,85.0,927
3883,196.0,372
3884,135.0,1441
3885,80.0,430
3886,51.0,1420
3887,142.0,1611
3888,41.0,1484
3889,170.0,1389
3890,134.0,829
3891,96.0,1180
3892,42.0,712
3893,127.0,960
3894,48.0,1393
3895,98.0,1612
3896,34.0,1275
3897,46.0,964
3898,30.0,1526
3899,74.0,1193
3900,17.0,1133
3901,86.0,965
3902,159.0,1018
3903,175.0,777
3904,150.0,1532
3905,109.0,1107
3906,56.0,1399
3907,129.0,950
3908,10.0,135
3909,127.0,1154
3910,42.0,1586
3911,140.0,1079
3912,12.0,1497
3913,163.0,524
3914,110.0,1306
3915,29.0,1279
3916,102.0,1029
3917,134.0,1374
3918,30.0,1612
3919,164.0,912
3920,93.0,534
3921,149.0,1092
3922,143.0,1597
3923,59.0,901
3924,24.0,1250
3925,175.0,735
3926,100.0,1481
3927,68.0,1582
3928,134.0,926
3929,109.0,1459
3930,103.0,1578
3931,32.0,116
3932,76.0,608
3933,75.0,1224
3934,58.0,623
3935,121.0,1428
3936,80.0,1613
3937,199.0,1137
3938,112.0,1363
3939,134.0,460
3940,102.0,429
3941,138.0,1237
3942,102.0,1362
3943,177.0,1253
3944,120.0,729
3945,191.0,1275
3946,190.0,1507
3947,128.0,299
3948,167.0,324
3949,99.0,1595
3950,18.0,888
3951,68.0,1466
3952,199.0,51
3953,63.0,860
3954,181.0,562
3955,171.0,1158
3956,175.0,1061
3957,119.0,1185
3958,116.0,1614
3959,171.0,1037
3960,5.0,869
3961,174.0,1332
3962,97.0,391
3963,196.0,1584
3964,81.0,1058
3965,100.0,1481
3966,82.0,487
3967,123.0,634
3968,92.0,1392
3969,150.0,1021
3970,86.0,1344
3971,55.0,1419
3972,107.0,1574
3973,106.0,276
3974,178.0,835
3975,25.0,654
3976,154.0,386
3977,79.0,1603
3978,85.0,48
3979,28.0,125
3980,53.0,1594
3981,170.0,190
3982,0.0,1541
3983,145.0,1530
3984,62.0,1611
3985,15.0,810
3986,110.0,788
3987,129.0,579
3988,37.0,610
3989,193.0,1465
3990,64.0,1127
3991,144.0,1375
3992,8.0,1585
3993,173.0,1223
3994,169.0,332
3995,190.0,1500
3996,107.0,1442
3997,58.0,786
3998,175.0,725
3999,139.0,1289
4000,184.0,1615
4001,40.0,1392
4002,66.0,1044
4003,109.0,1324
4004,127.0,1145
4005,14.0,1522
4006,162.0,1067
4007,20.0,488
4008,44.0,1564
4009,61.0,762
4010,175.0,52
4011,130.0,826
4012,110.0,1534
4013,61.0,224
4014,24.0,878
4015,194.0,250
4016,109.0,1561
4017,46.0,1616
4018,190.0,1550
4019,144.0,516
4020,14.0,523
4021,38.0,1610
4022,199.0,255
4023,154.0,550
4024,61.0,932
4025,53.0,474
4026,130.0,994
4027,11.0,1374
4028,197.0,1210
4029,154.0,1363
4030,162.0,1177
4031,179.0,1021
4032,176.0,1101
4033,5.0,1398
4034,28.0,639
4035,60.0,746
4036,199.0,671
4037,33.0,454
4038,33.0,590
4039,47.0,1479
4040,6.0,1093
4041,99.0,1437
4042,13.0,794
4043,19.0,1617
4044,162.0,943
4045,195.0,1379
4046,125.0,532
4047,31.0,1384
4048,128.0,1312
4049,107.0,1159
4050,109.0,972
4051,134.0,1605
4052,93.0,1037
4053,106.0,1297
4054,42.0,1397
4055,116.0,744
4056,101.0,921
4057,38.0,1023
4058,10.0,1546
4059,184.0,1119
4060,94.0,1612
4061,156.0,761
4062,71.0,73
4063,153.0,34
4064,9.0,561
4065,171.0,382
4066,178.0,1234
4067,9.0,1120
4068,18.0,288
4069,180.0,1618
4070,151.0,873
4071,88.0,1394
4072,49.0,750
4073,71.0,1310
4074,108.0,912
4075,30.0,1554
4076,168.0,123
4077,93.0,1460
4078,74.0,1148
4079,121.0,338
4080,119.0,393
4081,18.0,854
4082,136.0,1191
4083,171.0,110
4084,52.0,1552
4085,20.0,639
4086,172.0,1197
4087,140.0,1615
4088,3.0,1601
4089,16.0,557
4090,0.0,1458
4091,159.0,333
4092,65.0,547
4093,98.0,215
4094,141.0,1375
4095,149.0,1503
4096,198.0,200
4097,74.0,1340
4098,168.0,401
4099,144.0,1525
4100,27.0,21
4101,81.0,939
4102,161.0,202
4103,106.0,1619
4104,53.0,45
4105,195.0,70
4106,49.0,1467
4107,186.0,1272
4108,67.0,1448
4109,187.0,1606
4110,142.0,1499
4111,6.0,457
4112,194.0,1604
4113,128.0,514
4114,83.0,269
4115,118.0,1558
4116,26.0,1455
4117,164.0,463
4118,65.0,400
4119,119.0,1590
4120,151.0,1400
4121,78.0,631
4122,151.0,1596
4123,184.0,887
4124,59.0,779
4125,38.0,915
4126,111.0,1011
4127,114.0,1363
4128,176.0,1607
4129,33.0,1107
4130,47.0,1331
4131,159.0,1608
4132,87.0,1620
4133,98.0,1185
4134,106.0,599
4135,86.0,1566
4136,84.0,256
4137,153.0,627
4138,98.0,1145
4139,112.0,1536
4140,198.0,1385
4141,187.0,1442
4142,158.0,1218
4143,146.0,892
4144,196.0,1539
4145,166.0,1042
4146,65.0,108
4147,182.0,765
4148,164.0,1218
4149,136.0,1621
4150,139.0,501
4151,49.0,1553
4152,28.0,439
4153,136.0,1622
4154,117.0,1538
4155,169.0,1441
4156,14.0,1434
4157,115.0,338
4158,161.0,562
4159,190.0,1305
4160,76.0,997
4161,28.0,647
4162,176.0,163
4163,50.0,1053
4164,19.0,1049
4165,127.0,1581
4166,100.0,799
4167,155.0,707
4168,30.0,1077
4169,1.0,1129
4170,45.0,590
4171,105.0,1288
4172,21.0,219
4173,47.0,1524
4174,66.0,1622
4175,54.0,1162
4176,196.0,1417
4177,77.0,710
4178,135.0,1463
4179,108.0,1521
4180,113.0,802
4181,130.0,1392
4182,114.0,1419
4183,118.0,1136
4184,41.0,298
4185,38.0,524
4186,12.0,413
4187,184.0,1344
4188,102.0,1517
4189,64.0,1188
4190,15.0,1560
4191,92.0,829
4192,74.0,1362
4193,111.0,1491
4194,139.0,581
4195,147.0,1557
4196,94.0,113
4197,179.0,759
4198,26.0,677
4199,24.0,893
4200,8.0,1569
4201,42.0,1378
4202,78.0,1409
4203,26.0,1207
4204,31.0,376
4205,110.0,354
4206,39.0,778
4207,20.0,1051
4208,79.0,967
4209,76.0,292
4210,180.0,241
4211,166.0,1602
4212,197.0,423
4213,98.0,771
4214,125.0,944
4215,61.0,468
4216,151.0,106
4217,188.0,410
4218,45.0,1566
4219,114.0,1598
4220,44.0,1377
4221,17.0,987
4222,88.0,1116
4223,3.0,1512
4224,104.0,1118
4225,38.0,620
4226,83.0,5
4227,74.0,499
4228,166.0,1240
4229,141.0,1022
4230,159.0,1539
4231,6.0,1093
4232,88.0,4
4233,20.0,121
4234,188.0,416
4235,57.0,82
4236,77.0,54
4237,76.0,165
4238,73.0,1433
4239,16.0,1396
4240,67.0,355
4241,61.0,1311
4242,34.0,1620
4243,167.0,1522
4244,132.0,1191
4245,42.0,8
4246,16.0,1104
4247,129.0,1165
4248,21.0,319
4249,46.0,774
4250,81.0,1189
4251,32.0,1142
4252,64.0,1446
4253,172.0,1471
4254,34.0,1546
4255,4.0,1037
4256,126.0,1537
4257,85.0,616
4258,27.0,21
4259,37.0,1050
4260,79.0,721
4261,92.0,129
4262,134.0,695
4263,129.0,1586
4264,178.0,821
4265,7.0,222
4266,80.0,430
4267,57.0,1527
4268,137.0,1602
4269,169.0,563
4270,95.0,1342
4271,168.0,1300
4272,133.0,803
4273,136.0,1621
4274,107.0,1323
4275,68.0,922
4276,102.0,292
4277,20.0,531
4278,199.0,841
4279,66.0,1237
4280,189.0,233
4281,148.0,1283
4282,81.0,935
4283,135.0,1392
4284,56.0,1489
4285,38.0,1176
4286,114.0,691
4287,121.0,559
4288,168.0,442
4289,12.0,1407
4290,167.0,1606
4291,87.0,1614
4292,192.0,1285
4293,32.0,467
4294,13.0,794
4295,160.0,105
4296,86.0,1553
4297,137.0,1535
4298,120.0,1486
4299,95.0,1622
4300,99.0,875
4301,180.0,1602
4302,7.0,1623
4303,87.0,518
4304,182.0,166
4305,29.0,380
4306,126.0,703
4307,68.0,801
4308,36.0,1492
4309,159.0,618
4310,4.0,1221
4311,23.0,1482
4312,136.0,1319
4313,128.0,1053
4314,62.0,290
4315,183.0,992
4316,147.0,59
4317,105.0,507
4318,51.0,578
4319,85.0,884
4320,75.0,1242
4321,180.0,58
4322,81.0,1066
4323,94.0,995
4324,60.0,1210
4325,180.0,754
4326,61.0,982
4327,82.0,1123
4328,142.0,502
4329,15.0,1455
4330,148.0,1600
4331,177.0,1586
4332,85.0,927
4333,74.0,499
4334,45.0,1268
4335,169.0,1603
4336,92.0,1228
4337,1.0,1220
4338,68.0,1498
4339,124.0,32
4340,169.0,1591
4341,100.0,1135
4342,3.0,1537
4343,68.0,441
4344,45.0,1573
4345,122.0,809
4346,35.0,909
4347,59.0,1446
4348,126.0,870
4349,33.0,1408
4350,124.0,425
4351,116.0,826
4352,137.0,1112
4353,125.0,352
4354,197.0,420
4355,0.0,1528
4356,157.0,776
4357,134.0,1535
4358,23.0,849
4359,101.0,675
4360,114.0,11
4361,195.0,844
4362,122.0,797
4363,31.0,882
4364,133.0,369
4365,199.0,1184
4366,177.0,1417
4367,62.0,224
4368,156.0,178
4369,167.0,648
4370,132.0,1162
4371,94.0,1187
4372,170.0,280
4373,53.0,1624
4374,131.0,1625
4375,131.0,1246
4376,177.0,362
4377,145.0,942
4378,88.0,1116
4379,8.0,913
4380,94.0,145
4381,50.0,1493
4382,65.0,400
4383,167.0,1532
4384,76.0,609
4385,174.0,1456
4386,46.0,1315
4387,53.0,1626
4388,165.0,1248
4389,3.0,1383
4390,83.0,269
4391,87.0,1284
4392,145.0,120
4393,107.0,1296
4394,98.0,1507
4395,79.0,741
4396,33.0,1531
4397,69.0,1622
4398,11.0,1407
4399,161.0,1064
4400,77.0,1281
4401,51.0,1623
4402,10.0,658
4403,15.0,1035
4404,63.0,1617
4405,100.0,1203
4406,199.0,1362
4407,164.0,379
4408,2.0,1446
4409,122.0,383
4410,146.0,1209
4411,168.0,110
4412,147.0,551
4413,121.0,614
4414,177.0,1048
4415,55.0,1050
4416,130.0,313
4417,191.0,914
4418,173.0,480
4419,170.0,1176
4420,165.0,605
4421,143.0,1508
4422,20.0,1453
4423,140.0,1003
4424,61.0,1627
4425,14.0,511
4426,135.0,1205
4427,8.0,1595
4428,104.0,1628
4429,192.0,126
4430,58.0,953
4431,168.0,456
4432,87.0,1322
4433,35.0,693
4434,91.0,1250
4435,183.0,908
4436,114.0,1572
4437,146.0,1564
4438,125.0,1281
4439,183.0,1422
4440,3.0,1512
4441,43.0,1573
4442,17.0,630
4443,104.0,219
4444,31.0,437
4445,26.0,1100
4446,138.0,1090
4447,157.0,957
4448,117.0,1165
4449,95.0,417
4450,100.0,730
4451,195.0,766
4452,144.0,1201
4453,158.0,674
4454,13.0,674
4455,83.0,1614
4456,91.0,688
4457,189.0,682
4458,192.0,1268
4459,10.0,837
4460,20.0,1057
4461,136.0,591
4462,77.0,1629
4463,47.0,1403
4464,45.0,555
4465,30.0,1140
4466,58.0,1150
4467,117.0,109
4468,185.0,979
4469,119.0,1592
4470,131.0,318
4471,31.0,1470
4472,86.0,847
4473,163.0,451
4474,147.0,1055
4475,188.0,1533
4476,116.0,1588
4477,163.0,1047
4478,78.0,1117
4479,119.0,690
4480,17.0,1352
4481,101.0,320
4482,48.0,291
4483,55.0,1396
4484,128.0,1577
4485,111.0,1598
4486,49.0,510
4487,92.0,129
4488,104.0,452
4489,130.0,1545
4490,197.0,911
4491,38.0,8
4492,97.0,1240
4493,71.0,1573
4494,184.0,1583
4495,25.0,930
4496,140.0,14
4497,84.0,659
4498,169.0,608
4499,166.0,475
4500,66.0,1625
4501,36.0,856
4502,55.0,1028
4503,43.0,1600
4504,26.0,90
4505,51.0,1543
4506,112.0,862
4507,24.0,48
4508,173.0,1010
4509,49.0,884
4510,22.0,1623
4511,180.0,754
4512,3.0,863
4513,129.0,1293
4514,105.0,1288
4515,81.0,1425
4516,157.0,996
4517,199.0,1504
4518,88.0,1504
4519,44.0,1347
4520,49.0,769
4521,195.0,872
4522,77.0,1350
4523,68.0,536
4524,53.0,1616
4525,154.0,1234
4526,78.0,1613
4527,31.0,617
4528,123.0,329
4529,44.0,1541
4530,143.0,942
4531,81.0,1354
4532,36.0,1346
4533,119.0,462
4534,144.0,1075
4535,184.0,606
4536,82.0,1254
4537,104.0,1490
4538,19.0,1607
4539,182.0,748
4540,4.0,62
4541,14.0,446
4542,71.0,1204
4543,132.0,957
4544,153.0,186
4545,85.0,1566
4546,162.0,279
4547,26.0,789
4548,55.0,1085
4549,59.0,1562
4550,29.0,371
4551,19.0,1630
4552,2.0,174
4553,11.0,225
4554,64.0,1483
4555,46.0,1225
4556,4.0,905
4557,80.0,1613
4558,170.0,189
4559,121.0,505
4560,154.0,512
4561,189.0,661
4562,102.0,1072
4563,127.0,1516
4564,174.0,973
4565,185.0,103
4566,112.0,1149
4567,146.0,254
4568,91.0,479
4569,169.0,1326
4570,160.0,1547
4571,148.0,78
4572,105.0,1346
4573,170.0,1265
4574,29.0,1587
4575,156.0,1316
4576,48.0,1465
4577,152.0,467
4578,172.0,1599
4579,182.0,304
4580,63.0,191
4581,22.0,1475
4582,197.0,1325
4583,157.0,408
4584,133.0,1575
4585,15.0,1380
4586,54.0,1123
4587,6.0,905
4588,198.0,1445
4589,7.0,1297
4590,160.0,237
4591,115.0,1263
4592,98.0,1028
4593,128.0,1145
4594,179.0,311
4595,53.0,95
4596,70.0,1440
4597,98.0,1244
4598,7.0,1164
4599,137.0,1112
4600,122.0,1363
4601,130.0,928
4602,176.0,110
4603,151.0,1400
4604,194.0,1320
4605,65.0,29
4606,50.0,330
4607,84.0,1545
4608,3.0,1550
4609,198.0,381
4610,125.0,1537
4611,56.0,512
4612,178.0,1452
4613,102.0,1066
4614,14.0,1599
4615,195.0,1132
4616,54.0,477
4617,83.0,1098
4618,148.0,407
4619,178.0,821
4620,99.0,1437
4621,61.0,595
4622,85.0,555
4623,189.0,1506
4624,39.0,977
4625,197.0,1351
4626,197.0,1351
4627,90.0,1102
4628,153.0,255
4629,55.0,894
4630,104.0,1301
4631,166.0,740
4632,103.0,880
4633,39.0,192
4634,69.0,1275
4635,17.0,325
4636,56.0,1375
4637,23.0,1259
4638,89.0,884
4639,73.0,961
4640,175.0,1629
4641,70.0,878
4642,198.0,542
4643,164.0,611
4644,98.0,771
4645,161.0,1330
4646,176.0,1036
4647,38.0,436
4648,74.0,651
4649,137.0,1282
4650,196.0,1328
4651,5.0,529
4652,171.0,956
4653,1.0,169
4654,160.0,1156
4655,154.0,678
4656,132.0,880
4657,19.0,272
4658,5.0,1618
4659,175.0,1560
4660,140.0,1430
4661,150.0,784
4662,177.0,1334
4663,6.0,1412
4664,187.0,1410
4665,79.0,1360
4666,131.0,1047
4667,148.0,643
4668,191.0,914
4669,0.0,1146
4670,190.0,1576
4671,103.0,132
4672,154.0,1263
4673,34.0,552
4674,85.0,1476
4675,113.0,1369
4676,141.0,1530
4677,69.0,24
4678,102.0,81
4679,42.0,1
4680,114.0,1253
4681,26.0,264
4682,24.0,1494
4683,81.0,44
4684,196.0,1432
4685,96.0,598
4686,72.0,1069
4687,30.0,1194
4688,147.0,1606
4689,138.0,1627
4690,134.0,1174
4691,156.0,1477
4692,77.0,1236
4693,153.0,925
4694,119.0,1361
4695,110.0,1359
4696,24.0,515
4697,4.0,629
4698,23.0,428
4699,102.0,1029
4700,75.0,1526
4701,79.0,1314
4702,111.0,1609
4703,160.0,113
4704,120.0,1402
4705,20.0,1109
4706,110.0,684
4707,6.0,1216
4708,107.0,800
4709,19.0,1541
4710,1.0,1620
4711,141.0,1530
4712,71.0,1508
4713,56.0,886
4714,138.0,397
4715,72.0,103
4716,40.0,1555
4717,103.0,989
4718,70.0,1389
4719,167.0,1599
4720,187.0,1163
4721,51.0,1543
4722,116.0,1321
4723,130.0,1410
4724,63.0,1003
4725,25.0,1559
4726,27.0,1450
4727,121.0,36
4728,100.0,1081
4729,46.0,1086
4730,63.0,1457
4731,137.0,829
4732,21.0,1118
4733,162.0,239
4734,154.0,343
4735,28.0,1094
4736,179.0,28
4737,94.0,1274
4738,121.0,1630
4739,34.0,33
4740,54.0,242
4741,15.0,1424
4742,194.0,748
4743,169.0,385
4744,137.0,1461
4745,87.0,244
4746,171.0,335
4747,35.0,909
4748,99.0,702
4749,28.0,125
4750,102.0,193
4751,134.0,1103
4752,142.0,148
4753,197.0,1245
4754,15.0,1631
4755,143.0,14
4756,79.0,95
4757,9.0,1598
4758,164.0,287
4759,76.0,142
4760,51.0,1625
4761,158.0,1422
4762,22.0,750
4763,170.0,302
4764,123.0,1145
4765,120.0,1246
4766,23.0,1216
4767,78.0,495
4768,42.0,1523
4769,2.0,755
4770,13.0,1453
4771,187.0,399
4772,167.0,1471
4773,133.0,1593
4774,134.0,1310
4775,36.0,1489
4776,5.0,1364
4777,170.0,540
4778,96.0,886
4779,194.0,1121
4780,27.0,30
4781,110.0,887
4782,102.0,1388
4783,116.0,412
4784,180.0,770
4785,197.0,1619
4786,33.0,916
4787,60.0,1446
4788,99.0,1435
4789,46.0,718
4790,153.0,343
4791,163.0,451
4792,111.0,1251
4793,150.0,1558
4794,160.0,443
4795,23.0,1550
4796,147.0,1578
4797,157.0,408
4798,133.0,1380
4799,60.0,1440
4800,159.0,1126
4801,104.0,403
4802,4.0,676
4803,65.0,1540
4804,113.0,354
4805,168.0,22
4806,122.0,797
4807,156.0,538
4808,145.0,148
4809,74.0,1148
4810,186.0,1082
4811,70.0,1386
4812,156.0,921
4813,148.0,1614
4814,181.0,900
4815,59.0,269
4816,35.0,1372
4817,114.0,338
4818,172.0,1373
4819,166.0,1592
4820,76.0,1205
4821,111.0,1628
4822,175.0,308
4823,35.0,1124
4824,48.0,1006
4825,172.0,1334
4826,95.0,964
4827,1.0,1540
4828,170.0,1630
4829,186.0,482
4830,3.0,1452
4831,153.0,186
4832,27.0,1024
4833,82.0,418
4834,190.0,745
4835,82.0,1425
4836,5.0,1618
4837,63.0,1579
4838,47.0,1535
4839,87.0,1284
4840,102.0,525
4841,185.0,1596
4842,67.0,1076
4843,13.0,187
4844,61.0,5
4845,151.0,538
4846,28.0,1418
4847,48.0,1529
4848,46.0,964
4849,175.0,725
4850,79.0,1622
4851,146.0,254
4852,146.0,1626
4853,139.0,1399
4854,42.0,795
4855,15.0,66
4856,110.0,816
4857,57.0,642
4858,141.0,990
4859,5.0,12
4860,70.0,1626
4861,9.0,1298
4862,34.0,620
4863,144.0,1488
4864,127.0,1016
4865,191.0,1039
4866,36.0,418
4867,54.0,207
4868,199.0,1584
4869,111.0,1306
4870,7.0,679
4871,198.0,1242
4872,27.0,464
4873,148.0,1492
4874,154.0,337
4875,154.0,569
4876,174.0,185
4877,107.0,1442
4878,86.0,899
4879,198.0,1604
4880,121.0,1361
4881,173.0,1544
4882,190.0,1249
4883,178.0,447
4884,109.0,1571
4885,137.0,460
4886,47.0,141
4887,5.0,1510
4888,120.0,1625
4889,60.0,5
4890,138.0,983
4891,82.0,701
4892,184.0,1609
4893,94.0,958
4894,24.0,1449
4895,69.0,896
4896,84.0,1210
4897,75.0,1158
4898,185.0,885
4899,54.0,157
4900,8.0,39
4901,72.0,158
4902,172.0,1509
4903,42.0,934
4904,150.0,1563
4905,95.0,1224
4906,132.0,275
4907,116.0,1165
4908,178.0,835
4909,91.0,258
4910,64.0,1541
4911,5.0,1364
4912,123.0,1405
4913,151.0,1460
4914,30.0,21
4915,138.0,76
4916,167.0,1326
4917,33.0,1484
4918,75.0,583
4919,92.0,1619
4920,67.0,1076
4921,153.0,1384
4922,131.0,826
4923,91.0,845
4924,197.0,1379
4925,69.0,1610
4926,145.0,1430
4927,142.0,254
4928,151.0,1085
4929,179.0,414
4930,118.0,1373
4931,97.0,919
4932,188.0,1511
4933,139.0,1395
4934,164.0,379
4935,52.0,248
4936,40.0,1616
4937,48.0,1593
4938,15.0,1614
4939,156.0,18
4940,65.0,623
4941,67.0,1275
4942,174.0,110
4943,40.0,1495
4944,1.0,421
4945,188.0,1533
4946,172.0,807
4947,103.0,1178
4948,113.0,650
4949,157.0,1274
4950,39.0,388
4951,55.0,582
4952,80.0,1582
4953,112.0,1513
4954,170.0,166
4955,107.0,1229
4956,79.0,600
4957,94.0,1631
4958,43.0,1453
4959,38.0,936
4960,10.0,1624
4961,169.0,1532
4962,64.0,1527
4963,164.0,850
4964,23.0,405
4965,16.0,1408
4966,68.0,622
4967,36.0,1200
4968,58.0,1620
4969,196.0,1619
4970,12.0,855
4971,2.0,1041
4972,120.0,337
4973,145.0,1545
4974,112.0,147
4975,67.0,336
4976,196.0,1432
4977,190.0,1306
4978,44.0,1313
4979,58.0,547
4980,119.0,827
4981,136.0,315
4982,197.0,420
4983,2.0,969
4984,190.0,1551
4985,98.0,1544
4986,199.0,271
4987,73.0,1549
4988,177.0,1077
4989,123.0,1428
4990,6.0,575
4991,148.0,1582
4992,82.0,212
4993,35.0,1632
